BEGIN;

-- Seed operacional idempotente dos pacotes fisicos por dominio prioritario.
-- Gerado automaticamente por scripts/valley_module_automation.py.

WITH package_source (
    package_key,
    domain_key,
    domain_label,
    priority_rank,
    package_scope,
    module_codes,
    backlog_keys,
    package_status,
    artifact_manifest_json
) AS (
    VALUES
    ('commerce_fintech_assets.priority.v1', 'commerce_fintech_assets', 'Commerce Fintech Assets', 2, 'priority_domains_v1', ARRAY['MARKETPLACE', 'PAY', 'PLUG', 'UP', 'FINANCAS', 'DIGITAL', 'REAL_ESTATE', 'INSURANCE']::TEXT[], ARRAY['MARKETPLACE.exec.01', 'MARKETPLACE.exec.02', 'PAY.exec.01', 'PAY.exec.02', 'PLUG.exec.01', 'PLUG.exec.02', 'UP.exec.01', 'UP.exec.02', 'MARKETPLACE.exec.03', 'PAY.exec.03', 'FINANCAS.exec.01', 'FINANCAS.exec.02', 'PLUG.exec.03', 'UP.exec.03', 'DIGITAL.exec.01', 'DIGITAL.exec.02', 'REAL_ESTATE.exec.01', 'REAL_ESTATE.exec.02', 'INSURANCE.exec.01', 'INSURANCE.exec.02', 'FINANCAS.exec.03', 'DIGITAL.exec.03', 'REAL_ESTATE.exec.03', 'INSURANCE.exec.03']::TEXT[], 'READY'::domain_delivery_package_status_enum, '{"artifacts":[{"artifact_key":"commerce_fintech_assets.ddl.v1","artifact_path":"database/domain-delivery/priority-domains/commerce_fintech_assets/ddl_complement.sql","layer_type":"DDL_COMPLEMENT","target_engine":"postgres"},{"artifact_key":"commerce_fintech_assets.seed.v1","artifact_path":"database/domain-delivery/priority-domains/commerce_fintech_assets/operational_seed.sql","layer_type":"OPERATIONS_SEED","target_engine":"postgres"},{"artifact_key":"commerce_fintech_assets.contract.v1","artifact_path":"contracts/events/priority-domains/commerce_fintech_assets.json","layer_type":"EVENT_CONTRACT","target_engine":"filesystem"}],"backlog_keys":["MARKETPLACE.exec.01","MARKETPLACE.exec.02","PAY.exec.01","PAY.exec.02","PLUG.exec.01","PLUG.exec.02","UP.exec.01","UP.exec.02","MARKETPLACE.exec.03","PAY.exec.03","FINANCAS.exec.01","FINANCAS.exec.02","PLUG.exec.03","UP.exec.03","DIGITAL.exec.01","DIGITAL.exec.02","REAL_ESTATE.exec.01","REAL_ESTATE.exec.02","INSURANCE.exec.01","INSURANCE.exec.02","FINANCAS.exec.03","DIGITAL.exec.03","REAL_ESTATE.exec.03","INSURANCE.exec.03"],"domain_key":"commerce_fintech_assets","domain_label":"Commerce Fintech Assets","event_topics":["marketplace.listing.published","marketplace.cart.checked_out","marketplace.sale.validated","pay.wallet.opened","pay.transaction.posted","pay.settlement.reconciled","plug.device.activated","plug.payment.authorized","plug.advance.requested","up.link.generated","up.conversion.attributed","up.commission.booked","financas.goal.created","financas.roundup.booked","financas.cashflow.closed","digital.asset.minted","digital.asset.transferred","digital.royalty.calculated","real_estate.property.registered","real_estate.listing.published","real_estate.deal.executed","insurance.policy.issued","insurance.claim.opened","insurance.claim.settled"],"modules":["MARKETPLACE","PAY","PLUG","UP","FINANCAS","DIGITAL","REAL_ESTATE","INSURANCE"],"package_key":"commerce_fintech_assets.priority.v1","priority_rank":2}'::JSONB)
)
INSERT INTO domain_delivery_packages (
    package_key,
    domain_key,
    domain_label,
    priority_rank,
    package_scope,
    module_codes,
    backlog_keys,
    package_status,
    artifact_manifest_json
)
SELECT
    package_key,
    domain_key,
    domain_label,
    priority_rank,
    package_scope,
    module_codes,
    backlog_keys,
    package_status,
    artifact_manifest_json
FROM package_source
ON CONFLICT (package_key) DO UPDATE SET
    domain_key = EXCLUDED.domain_key,
    domain_label = EXCLUDED.domain_label,
    priority_rank = EXCLUDED.priority_rank,
    package_scope = EXCLUDED.package_scope,
    module_codes = EXCLUDED.module_codes,
    backlog_keys = EXCLUDED.backlog_keys,
    package_status = EXCLUDED.package_status,
    artifact_manifest_json = EXCLUDED.artifact_manifest_json,
    updated_at = NOW();

WITH artifact_source (
    artifact_key,
    package_key,
    domain_key,
    layer_type,
    target_engine,
    artifact_path,
    module_codes,
    backlog_keys,
    depends_on_keys,
    artifact_status,
    artifact_payload_json
) AS (
    VALUES
    ('commerce_fintech_assets.ddl.v1', 'commerce_fintech_assets.priority.v1', 'commerce_fintech_assets', 'DDL_COMPLEMENT'::domain_delivery_layer_enum, 'postgres', 'database/domain-delivery/priority-domains/commerce_fintech_assets/ddl_complement.sql', ARRAY['MARKETPLACE', 'PAY', 'PLUG', 'UP', 'FINANCAS', 'DIGITAL', 'REAL_ESTATE', 'INSURANCE']::TEXT[], ARRAY['MARKETPLACE.exec.01', 'MARKETPLACE.exec.02', 'PAY.exec.01', 'PAY.exec.02', 'PLUG.exec.01', 'PLUG.exec.02', 'UP.exec.01', 'UP.exec.02', 'MARKETPLACE.exec.03', 'PAY.exec.03', 'FINANCAS.exec.01', 'FINANCAS.exec.02', 'PLUG.exec.03', 'UP.exec.03', 'DIGITAL.exec.01', 'DIGITAL.exec.02', 'REAL_ESTATE.exec.01', 'REAL_ESTATE.exec.02', 'INSURANCE.exec.01', 'INSURANCE.exec.02', 'FINANCAS.exec.03', 'DIGITAL.exec.03', 'REAL_ESTATE.exec.03', 'INSURANCE.exec.03']::TEXT[], ARRAY[]::TEXT[], 'READY'::domain_delivery_package_status_enum, '{"package_key":"commerce_fintech_assets.priority.v1","priority_rank":2,"views":["v_commerce_fintech_assets_market_ops","v_commerce_fintech_assets_treasury_ops","v_commerce_fintech_assets_digital_assets","v_commerce_fintech_assets_real_estate_pipeline","v_commerce_fintech_assets_insurance_ops"]}'::JSONB),
    ('commerce_fintech_assets.seed.v1', 'commerce_fintech_assets.priority.v1', 'commerce_fintech_assets', 'OPERATIONS_SEED'::domain_delivery_layer_enum, 'postgres', 'database/domain-delivery/priority-domains/commerce_fintech_assets/operational_seed.sql', ARRAY['MARKETPLACE', 'PAY', 'PLUG', 'UP', 'FINANCAS', 'DIGITAL', 'REAL_ESTATE', 'INSURANCE']::TEXT[], ARRAY['MARKETPLACE.exec.01', 'MARKETPLACE.exec.02', 'PAY.exec.01', 'PAY.exec.02', 'PLUG.exec.01', 'PLUG.exec.02', 'UP.exec.01', 'UP.exec.02', 'MARKETPLACE.exec.03', 'PAY.exec.03', 'FINANCAS.exec.01', 'FINANCAS.exec.02', 'PLUG.exec.03', 'UP.exec.03', 'DIGITAL.exec.01', 'DIGITAL.exec.02', 'REAL_ESTATE.exec.01', 'REAL_ESTATE.exec.02', 'INSURANCE.exec.01', 'INSURANCE.exec.02', 'FINANCAS.exec.03', 'DIGITAL.exec.03', 'REAL_ESTATE.exec.03', 'INSURANCE.exec.03']::TEXT[], ARRAY['commerce_fintech_assets.ddl.v1']::TEXT[], 'READY'::domain_delivery_package_status_enum, '{"contract_count":24,"package_key":"commerce_fintech_assets.priority.v1","seed_scope":"priority_domain_delivery_v1"}'::JSONB),
    ('commerce_fintech_assets.contract.v1', 'commerce_fintech_assets.priority.v1', 'commerce_fintech_assets', 'EVENT_CONTRACT'::domain_delivery_layer_enum, 'filesystem', 'contracts/events/priority-domains/commerce_fintech_assets.json', ARRAY['MARKETPLACE', 'PAY', 'PLUG', 'UP', 'FINANCAS', 'DIGITAL', 'REAL_ESTATE', 'INSURANCE']::TEXT[], ARRAY['MARKETPLACE.exec.01', 'MARKETPLACE.exec.02', 'PAY.exec.01', 'PAY.exec.02', 'PLUG.exec.01', 'PLUG.exec.02', 'UP.exec.01', 'UP.exec.02', 'MARKETPLACE.exec.03', 'PAY.exec.03', 'FINANCAS.exec.01', 'FINANCAS.exec.02', 'PLUG.exec.03', 'UP.exec.03', 'DIGITAL.exec.01', 'DIGITAL.exec.02', 'REAL_ESTATE.exec.01', 'REAL_ESTATE.exec.02', 'INSURANCE.exec.01', 'INSURANCE.exec.02', 'FINANCAS.exec.03', 'DIGITAL.exec.03', 'REAL_ESTATE.exec.03', 'INSURANCE.exec.03']::TEXT[], ARRAY['commerce_fintech_assets.ddl.v1', 'commerce_fintech_assets.seed.v1']::TEXT[], 'READY'::domain_delivery_package_status_enum, '{"event_topics":["marketplace.listing.published","marketplace.cart.checked_out","marketplace.sale.validated","pay.wallet.opened","pay.transaction.posted","pay.settlement.reconciled","plug.device.activated","plug.payment.authorized","plug.advance.requested","up.link.generated","up.conversion.attributed","up.commission.booked","financas.goal.created","financas.roundup.booked","financas.cashflow.closed","digital.asset.minted","digital.asset.transferred","digital.royalty.calculated","real_estate.property.registered","real_estate.listing.published","real_estate.deal.executed","insurance.policy.issued","insurance.claim.opened","insurance.claim.settled"],"package_key":"commerce_fintech_assets.priority.v1"}'::JSONB)
)
INSERT INTO domain_delivery_artifacts (
    artifact_key,
    package_key,
    domain_key,
    layer_type,
    target_engine,
    artifact_path,
    module_codes,
    backlog_keys,
    depends_on_keys,
    artifact_status,
    artifact_payload_json
)
SELECT
    artifact_key,
    package_key,
    domain_key,
    layer_type,
    target_engine,
    artifact_path,
    module_codes,
    backlog_keys,
    depends_on_keys,
    artifact_status,
    artifact_payload_json
FROM artifact_source
ON CONFLICT (artifact_key) DO UPDATE SET
    package_key = EXCLUDED.package_key,
    domain_key = EXCLUDED.domain_key,
    layer_type = EXCLUDED.layer_type,
    target_engine = EXCLUDED.target_engine,
    artifact_path = EXCLUDED.artifact_path,
    module_codes = EXCLUDED.module_codes,
    backlog_keys = EXCLUDED.backlog_keys,
    depends_on_keys = EXCLUDED.depends_on_keys,
    artifact_status = EXCLUDED.artifact_status,
    artifact_payload_json = EXCLUDED.artifact_payload_json,
    updated_at = NOW();

WITH contract_source (
    contract_key,
    package_key,
    domain_key,
    module_code,
    event_topic,
    contract_version,
    producer_surface,
    consumer_surfaces,
    evidence_entities,
    compliance_tags,
    contract_status,
    payload_schema_json,
    artifact_path
) AS (
    VALUES
    ('MARKETPLACE:marketplace.listing.published:v1', 'commerce_fintech_assets.priority.v1', 'commerce_fintech_assets', 'MARKETPLACE', 'marketplace.listing.published', '1.0.0', 'painel de seller', ARRAY['STOCK', 'ADS', 'UP', 'painel de seller', 'aprovacao de listing']::TEXT[], ARRAY['marketplace_listings', 'merchant_storefronts', 'sale_validation_events']::TEXT[], ARRAY['merchant_kyb', 'pricing_audit', 'listing_governance']::TEXT[], 'READY'::domain_delivery_package_status_enum, '{"$schema":"https://json-schema.org/draft/2020-12/schema","additionalProperties":false,"properties":{"aggregate_id":{"format":"uuid","type":"string"},"aggregate_type":{"type":"string"},"compliance_tags":{"default":["merchant_kyb","pricing_audit","listing_governance"],"items":{"type":"string"},"type":"array"},"delivery_phase":{"const":"VALIDATE"},"domain_key":{"const":"commerce_fintech_assets"},"event_id":{"format":"uuid","type":"string"},"event_topic":{"const":"marketplace.listing.published"},"evidence_refs":{"items":{"enum":["marketplace_listings","merchant_storefronts","sale_validation_events"],"type":"string"},"minItems":1,"type":"array"},"module_code":{"const":"MARKETPLACE"},"occurred_at":{"format":"date-time","type":"string"},"payload":{"additionalProperties":true,"properties":{"capability":{"enum":["listagem local","storefront por merchant","validacao de venda"],"type":"string"},"details":{"additionalProperties":true,"type":"object"},"primary_actor":{"enum":["seller","comprador","curador comercial"],"type":"string"},"status":{"type":"string"}},"type":"object"},"trace_id":{"format":"uuid","type":"string"},"user_id":{"format":"uuid","type":"string"}},"required":["event_id","event_topic","module_code","domain_key","user_id","occurred_at","payload","evidence_refs"],"title":"MARKETPLACE::marketplace.listing.published","type":"object"}'::JSONB, 'contracts/events/priority-domains/commerce_fintech_assets.json'),
    ('MARKETPLACE:marketplace.cart.checked_out:v1', 'commerce_fintech_assets.priority.v1', 'commerce_fintech_assets', 'MARKETPLACE', 'marketplace.cart.checked_out', '1.0.0', 'painel de seller', ARRAY['STOCK', 'ADS', 'UP', 'painel de seller', 'aprovacao de listing']::TEXT[], ARRAY['marketplace_listings', 'merchant_storefronts', 'sale_validation_events']::TEXT[], ARRAY['merchant_kyb', 'pricing_audit', 'listing_governance']::TEXT[], 'READY'::domain_delivery_package_status_enum, '{"$schema":"https://json-schema.org/draft/2020-12/schema","additionalProperties":false,"properties":{"aggregate_id":{"format":"uuid","type":"string"},"aggregate_type":{"type":"string"},"compliance_tags":{"default":["merchant_kyb","pricing_audit","listing_governance"],"items":{"type":"string"},"type":"array"},"delivery_phase":{"const":"VALIDATE"},"domain_key":{"const":"commerce_fintech_assets"},"event_id":{"format":"uuid","type":"string"},"event_topic":{"const":"marketplace.cart.checked_out"},"evidence_refs":{"items":{"enum":["marketplace_listings","merchant_storefronts","sale_validation_events"],"type":"string"},"minItems":1,"type":"array"},"module_code":{"const":"MARKETPLACE"},"occurred_at":{"format":"date-time","type":"string"},"payload":{"additionalProperties":true,"properties":{"capability":{"enum":["listagem local","storefront por merchant","validacao de venda"],"type":"string"},"details":{"additionalProperties":true,"type":"object"},"primary_actor":{"enum":["seller","comprador","curador comercial"],"type":"string"},"status":{"type":"string"}},"type":"object"},"trace_id":{"format":"uuid","type":"string"},"user_id":{"format":"uuid","type":"string"}},"required":["event_id","event_topic","module_code","domain_key","user_id","occurred_at","payload","evidence_refs"],"title":"MARKETPLACE::marketplace.cart.checked_out","type":"object"}'::JSONB, 'contracts/events/priority-domains/commerce_fintech_assets.json'),
    ('MARKETPLACE:marketplace.sale.validated:v1', 'commerce_fintech_assets.priority.v1', 'commerce_fintech_assets', 'MARKETPLACE', 'marketplace.sale.validated', '1.0.0', 'painel de seller', ARRAY['STOCK', 'ADS', 'UP', 'painel de seller', 'aprovacao de listing']::TEXT[], ARRAY['marketplace_listings', 'merchant_storefronts', 'sale_validation_events']::TEXT[], ARRAY['merchant_kyb', 'pricing_audit', 'listing_governance']::TEXT[], 'READY'::domain_delivery_package_status_enum, '{"$schema":"https://json-schema.org/draft/2020-12/schema","additionalProperties":false,"properties":{"aggregate_id":{"format":"uuid","type":"string"},"aggregate_type":{"type":"string"},"compliance_tags":{"default":["merchant_kyb","pricing_audit","listing_governance"],"items":{"type":"string"},"type":"array"},"delivery_phase":{"const":"VALIDATE"},"domain_key":{"const":"commerce_fintech_assets"},"event_id":{"format":"uuid","type":"string"},"event_topic":{"const":"marketplace.sale.validated"},"evidence_refs":{"items":{"enum":["marketplace_listings","merchant_storefronts","sale_validation_events"],"type":"string"},"minItems":1,"type":"array"},"module_code":{"const":"MARKETPLACE"},"occurred_at":{"format":"date-time","type":"string"},"payload":{"additionalProperties":true,"properties":{"capability":{"enum":["listagem local","storefront por merchant","validacao de venda"],"type":"string"},"details":{"additionalProperties":true,"type":"object"},"primary_actor":{"enum":["seller","comprador","curador comercial"],"type":"string"},"status":{"type":"string"}},"type":"object"},"trace_id":{"format":"uuid","type":"string"},"user_id":{"format":"uuid","type":"string"}},"required":["event_id","event_topic","module_code","domain_key","user_id","occurred_at","payload","evidence_refs"],"title":"MARKETPLACE::marketplace.sale.validated","type":"object"}'::JSONB, 'contracts/events/priority-domains/commerce_fintech_assets.json'),
    ('PAY:pay.wallet.opened:v1', 'commerce_fintech_assets.priority.v1', 'commerce_fintech_assets', 'PAY', 'pay.wallet.opened', '1.0.0', 'painel financeiro', ARRAY['WALLETS', 'TRANSACTIONS', 'EQUITY', 'painel financeiro', 'monitor de conciliacao']::TEXT[], ARRAY['wallets', 'transactions', 'equity_ledger']::TEXT[], ARRAY['kyc', 'aml_monitoring', 'financial_ledger_immutability']::TEXT[], 'READY'::domain_delivery_package_status_enum, '{"$schema":"https://json-schema.org/draft/2020-12/schema","additionalProperties":false,"properties":{"aggregate_id":{"format":"uuid","type":"string"},"aggregate_type":{"type":"string"},"compliance_tags":{"default":["kyc","aml_monitoring","financial_ledger_immutability"],"items":{"type":"string"},"type":"array"},"delivery_phase":{"const":"VALIDATE"},"domain_key":{"const":"commerce_fintech_assets"},"event_id":{"format":"uuid","type":"string"},"event_topic":{"const":"pay.wallet.opened"},"evidence_refs":{"items":{"enum":["wallets","transactions","equity_ledger"],"type":"string"},"minItems":1,"type":"array"},"module_code":{"const":"PAY"},"occurred_at":{"format":"date-time","type":"string"},"payload":{"additionalProperties":true,"properties":{"capability":{"enum":["wallet e saldo","ledger atomico","splits e conciliacao"],"type":"string"},"details":{"additionalProperties":true,"type":"object"},"primary_actor":{"enum":["titular da wallet","operador financeiro","motor de conciliacao"],"type":"string"},"status":{"type":"string"}},"type":"object"},"trace_id":{"format":"uuid","type":"string"},"user_id":{"format":"uuid","type":"string"}},"required":["event_id","event_topic","module_code","domain_key","user_id","occurred_at","payload","evidence_refs"],"title":"PAY::pay.wallet.opened","type":"object"}'::JSONB, 'contracts/events/priority-domains/commerce_fintech_assets.json'),
    ('PAY:pay.transaction.posted:v1', 'commerce_fintech_assets.priority.v1', 'commerce_fintech_assets', 'PAY', 'pay.transaction.posted', '1.0.0', 'painel financeiro', ARRAY['WALLETS', 'TRANSACTIONS', 'EQUITY', 'painel financeiro', 'monitor de conciliacao']::TEXT[], ARRAY['wallets', 'transactions', 'equity_ledger']::TEXT[], ARRAY['kyc', 'aml_monitoring', 'financial_ledger_immutability']::TEXT[], 'READY'::domain_delivery_package_status_enum, '{"$schema":"https://json-schema.org/draft/2020-12/schema","additionalProperties":false,"properties":{"aggregate_id":{"format":"uuid","type":"string"},"aggregate_type":{"type":"string"},"compliance_tags":{"default":["kyc","aml_monitoring","financial_ledger_immutability"],"items":{"type":"string"},"type":"array"},"delivery_phase":{"const":"VALIDATE"},"domain_key":{"const":"commerce_fintech_assets"},"event_id":{"format":"uuid","type":"string"},"event_topic":{"const":"pay.transaction.posted"},"evidence_refs":{"items":{"enum":["wallets","transactions","equity_ledger"],"type":"string"},"minItems":1,"type":"array"},"module_code":{"const":"PAY"},"occurred_at":{"format":"date-time","type":"string"},"payload":{"additionalProperties":true,"properties":{"capability":{"enum":["wallet e saldo","ledger atomico","splits e conciliacao"],"type":"string"},"details":{"additionalProperties":true,"type":"object"},"primary_actor":{"enum":["titular da wallet","operador financeiro","motor de conciliacao"],"type":"string"},"status":{"type":"string"}},"type":"object"},"trace_id":{"format":"uuid","type":"string"},"user_id":{"format":"uuid","type":"string"}},"required":["event_id","event_topic","module_code","domain_key","user_id","occurred_at","payload","evidence_refs"],"title":"PAY::pay.transaction.posted","type":"object"}'::JSONB, 'contracts/events/priority-domains/commerce_fintech_assets.json'),
    ('PAY:pay.settlement.reconciled:v1', 'commerce_fintech_assets.priority.v1', 'commerce_fintech_assets', 'PAY', 'pay.settlement.reconciled', '1.0.0', 'painel financeiro', ARRAY['WALLETS', 'TRANSACTIONS', 'EQUITY', 'painel financeiro', 'monitor de conciliacao']::TEXT[], ARRAY['wallets', 'transactions', 'equity_ledger']::TEXT[], ARRAY['kyc', 'aml_monitoring', 'financial_ledger_immutability']::TEXT[], 'READY'::domain_delivery_package_status_enum, '{"$schema":"https://json-schema.org/draft/2020-12/schema","additionalProperties":false,"properties":{"aggregate_id":{"format":"uuid","type":"string"},"aggregate_type":{"type":"string"},"compliance_tags":{"default":["kyc","aml_monitoring","financial_ledger_immutability"],"items":{"type":"string"},"type":"array"},"delivery_phase":{"const":"VALIDATE"},"domain_key":{"const":"commerce_fintech_assets"},"event_id":{"format":"uuid","type":"string"},"event_topic":{"const":"pay.settlement.reconciled"},"evidence_refs":{"items":{"enum":["wallets","transactions","equity_ledger"],"type":"string"},"minItems":1,"type":"array"},"module_code":{"const":"PAY"},"occurred_at":{"format":"date-time","type":"string"},"payload":{"additionalProperties":true,"properties":{"capability":{"enum":["wallet e saldo","ledger atomico","splits e conciliacao"],"type":"string"},"details":{"additionalProperties":true,"type":"object"},"primary_actor":{"enum":["titular da wallet","operador financeiro","motor de conciliacao"],"type":"string"},"status":{"type":"string"}},"type":"object"},"trace_id":{"format":"uuid","type":"string"},"user_id":{"format":"uuid","type":"string"}},"required":["event_id","event_topic","module_code","domain_key","user_id","occurred_at","payload","evidence_refs"],"title":"PAY::pay.settlement.reconciled","type":"object"}'::JSONB, 'contracts/events/priority-domains/commerce_fintech_assets.json'),
    ('PLUG:plug.device.activated:v1', 'commerce_fintech_assets.priority.v1', 'commerce_fintech_assets', 'PLUG', 'plug.device.activated', '1.0.0', 'painel de adquirencia', ARRAY['WALLETS', 'BUSINESS', 'painel de adquirencia', 'monitor de terminais']::TEXT[], ARRAY['transactions', 'wallets', 'merchant_storefronts']::TEXT[], ARRAY['pci_boundary', 'mdr_audit', 'settlement_traceability']::TEXT[], 'READY'::domain_delivery_package_status_enum, '{"$schema":"https://json-schema.org/draft/2020-12/schema","additionalProperties":false,"properties":{"aggregate_id":{"format":"uuid","type":"string"},"aggregate_type":{"type":"string"},"compliance_tags":{"default":["pci_boundary","mdr_audit","settlement_traceability"],"items":{"type":"string"},"type":"array"},"delivery_phase":{"const":"DATA_CONTRACT"},"domain_key":{"const":"commerce_fintech_assets"},"event_id":{"format":"uuid","type":"string"},"event_topic":{"const":"plug.device.activated"},"evidence_refs":{"items":{"enum":["transactions","wallets","merchant_storefronts"],"type":"string"},"minItems":1,"type":"array"},"module_code":{"const":"PLUG"},"occurred_at":{"format":"date-time","type":"string"},"payload":{"additionalProperties":true,"properties":{"capability":{"enum":["tap-to-pay","maquininha","antecipacao de recebivel"],"type":"string"},"details":{"additionalProperties":true,"type":"object"},"primary_actor":{"enum":["lojista","operador de adquirencia","comprador presencial"],"type":"string"},"status":{"type":"string"}},"type":"object"},"trace_id":{"format":"uuid","type":"string"},"user_id":{"format":"uuid","type":"string"}},"required":["event_id","event_topic","module_code","domain_key","user_id","occurred_at","payload","evidence_refs"],"title":"PLUG::plug.device.activated","type":"object"}'::JSONB, 'contracts/events/priority-domains/commerce_fintech_assets.json'),
    ('PLUG:plug.payment.authorized:v1', 'commerce_fintech_assets.priority.v1', 'commerce_fintech_assets', 'PLUG', 'plug.payment.authorized', '1.0.0', 'painel de adquirencia', ARRAY['WALLETS', 'BUSINESS', 'painel de adquirencia', 'monitor de terminais']::TEXT[], ARRAY['transactions', 'wallets', 'merchant_storefronts']::TEXT[], ARRAY['pci_boundary', 'mdr_audit', 'settlement_traceability']::TEXT[], 'READY'::domain_delivery_package_status_enum, '{"$schema":"https://json-schema.org/draft/2020-12/schema","additionalProperties":false,"properties":{"aggregate_id":{"format":"uuid","type":"string"},"aggregate_type":{"type":"string"},"compliance_tags":{"default":["pci_boundary","mdr_audit","settlement_traceability"],"items":{"type":"string"},"type":"array"},"delivery_phase":{"const":"DATA_CONTRACT"},"domain_key":{"const":"commerce_fintech_assets"},"event_id":{"format":"uuid","type":"string"},"event_topic":{"const":"plug.payment.authorized"},"evidence_refs":{"items":{"enum":["transactions","wallets","merchant_storefronts"],"type":"string"},"minItems":1,"type":"array"},"module_code":{"const":"PLUG"},"occurred_at":{"format":"date-time","type":"string"},"payload":{"additionalProperties":true,"properties":{"capability":{"enum":["tap-to-pay","maquininha","antecipacao de recebivel"],"type":"string"},"details":{"additionalProperties":true,"type":"object"},"primary_actor":{"enum":["lojista","operador de adquirencia","comprador presencial"],"type":"string"},"status":{"type":"string"}},"type":"object"},"trace_id":{"format":"uuid","type":"string"},"user_id":{"format":"uuid","type":"string"}},"required":["event_id","event_topic","module_code","domain_key","user_id","occurred_at","payload","evidence_refs"],"title":"PLUG::plug.payment.authorized","type":"object"}'::JSONB, 'contracts/events/priority-domains/commerce_fintech_assets.json'),
    ('PLUG:plug.advance.requested:v1', 'commerce_fintech_assets.priority.v1', 'commerce_fintech_assets', 'PLUG', 'plug.advance.requested', '1.0.0', 'painel de adquirencia', ARRAY['WALLETS', 'BUSINESS', 'painel de adquirencia', 'monitor de terminais']::TEXT[], ARRAY['transactions', 'wallets', 'merchant_storefronts']::TEXT[], ARRAY['pci_boundary', 'mdr_audit', 'settlement_traceability']::TEXT[], 'READY'::domain_delivery_package_status_enum, '{"$schema":"https://json-schema.org/draft/2020-12/schema","additionalProperties":false,"properties":{"aggregate_id":{"format":"uuid","type":"string"},"aggregate_type":{"type":"string"},"compliance_tags":{"default":["pci_boundary","mdr_audit","settlement_traceability"],"items":{"type":"string"},"type":"array"},"delivery_phase":{"const":"DATA_CONTRACT"},"domain_key":{"const":"commerce_fintech_assets"},"event_id":{"format":"uuid","type":"string"},"event_topic":{"const":"plug.advance.requested"},"evidence_refs":{"items":{"enum":["transactions","wallets","merchant_storefronts"],"type":"string"},"minItems":1,"type":"array"},"module_code":{"const":"PLUG"},"occurred_at":{"format":"date-time","type":"string"},"payload":{"additionalProperties":true,"properties":{"capability":{"enum":["tap-to-pay","maquininha","antecipacao de recebivel"],"type":"string"},"details":{"additionalProperties":true,"type":"object"},"primary_actor":{"enum":["lojista","operador de adquirencia","comprador presencial"],"type":"string"},"status":{"type":"string"}},"type":"object"},"trace_id":{"format":"uuid","type":"string"},"user_id":{"format":"uuid","type":"string"}},"required":["event_id","event_topic","module_code","domain_key","user_id","occurred_at","payload","evidence_refs"],"title":"PLUG::plug.advance.requested","type":"object"}'::JSONB, 'contracts/events/priority-domains/commerce_fintech_assets.json'),
    ('UP:up.link.generated:v1', 'commerce_fintech_assets.priority.v1', 'commerce_fintech_assets', 'UP', 'up.link.generated', '1.0.0', 'painel de afiliados', ARRAY['INFLUENCERS', 'LOYALTY', 'painel de afiliados', 'monitor de conversao']::TEXT[], ARRAY['transactions', 'pepita_ledger', 'influencer_metrics', 'social_videos']::TEXT[], ARRAY['attribution_audit', 'commission_traceability', 'anti_fraud']::TEXT[], 'READY'::domain_delivery_package_status_enum, '{"$schema":"https://json-schema.org/draft/2020-12/schema","additionalProperties":false,"properties":{"aggregate_id":{"format":"uuid","type":"string"},"aggregate_type":{"type":"string"},"compliance_tags":{"default":["attribution_audit","commission_traceability","anti_fraud"],"items":{"type":"string"},"type":"array"},"delivery_phase":{"const":"DATA_CONTRACT"},"domain_key":{"const":"commerce_fintech_assets"},"event_id":{"format":"uuid","type":"string"},"event_topic":{"const":"up.link.generated"},"evidence_refs":{"items":{"enum":["transactions","pepita_ledger","influencer_metrics","social_videos"],"type":"string"},"minItems":1,"type":"array"},"module_code":{"const":"UP"},"occurred_at":{"format":"date-time","type":"string"},"payload":{"additionalProperties":true,"properties":{"capability":{"enum":["indicacao","link de atribuicao","comissao"],"type":"string"},"details":{"additionalProperties":true,"type":"object"},"primary_actor":{"enum":["afiliado","merchant","operador de atribuicao"],"type":"string"},"status":{"type":"string"}},"type":"object"},"trace_id":{"format":"uuid","type":"string"},"user_id":{"format":"uuid","type":"string"}},"required":["event_id","event_topic","module_code","domain_key","user_id","occurred_at","payload","evidence_refs"],"title":"UP::up.link.generated","type":"object"}'::JSONB, 'contracts/events/priority-domains/commerce_fintech_assets.json'),
    ('UP:up.conversion.attributed:v1', 'commerce_fintech_assets.priority.v1', 'commerce_fintech_assets', 'UP', 'up.conversion.attributed', '1.0.0', 'painel de afiliados', ARRAY['INFLUENCERS', 'LOYALTY', 'painel de afiliados', 'monitor de conversao']::TEXT[], ARRAY['transactions', 'pepita_ledger', 'influencer_metrics', 'social_videos']::TEXT[], ARRAY['attribution_audit', 'commission_traceability', 'anti_fraud']::TEXT[], 'READY'::domain_delivery_package_status_enum, '{"$schema":"https://json-schema.org/draft/2020-12/schema","additionalProperties":false,"properties":{"aggregate_id":{"format":"uuid","type":"string"},"aggregate_type":{"type":"string"},"compliance_tags":{"default":["attribution_audit","commission_traceability","anti_fraud"],"items":{"type":"string"},"type":"array"},"delivery_phase":{"const":"DATA_CONTRACT"},"domain_key":{"const":"commerce_fintech_assets"},"event_id":{"format":"uuid","type":"string"},"event_topic":{"const":"up.conversion.attributed"},"evidence_refs":{"items":{"enum":["transactions","pepita_ledger","influencer_metrics","social_videos"],"type":"string"},"minItems":1,"type":"array"},"module_code":{"const":"UP"},"occurred_at":{"format":"date-time","type":"string"},"payload":{"additionalProperties":true,"properties":{"capability":{"enum":["indicacao","link de atribuicao","comissao"],"type":"string"},"details":{"additionalProperties":true,"type":"object"},"primary_actor":{"enum":["afiliado","merchant","operador de atribuicao"],"type":"string"},"status":{"type":"string"}},"type":"object"},"trace_id":{"format":"uuid","type":"string"},"user_id":{"format":"uuid","type":"string"}},"required":["event_id","event_topic","module_code","domain_key","user_id","occurred_at","payload","evidence_refs"],"title":"UP::up.conversion.attributed","type":"object"}'::JSONB, 'contracts/events/priority-domains/commerce_fintech_assets.json'),
    ('UP:up.commission.booked:v1', 'commerce_fintech_assets.priority.v1', 'commerce_fintech_assets', 'UP', 'up.commission.booked', '1.0.0', 'painel de afiliados', ARRAY['INFLUENCERS', 'LOYALTY', 'painel de afiliados', 'monitor de conversao']::TEXT[], ARRAY['transactions', 'pepita_ledger', 'influencer_metrics', 'social_videos']::TEXT[], ARRAY['attribution_audit', 'commission_traceability', 'anti_fraud']::TEXT[], 'READY'::domain_delivery_package_status_enum, '{"$schema":"https://json-schema.org/draft/2020-12/schema","additionalProperties":false,"properties":{"aggregate_id":{"format":"uuid","type":"string"},"aggregate_type":{"type":"string"},"compliance_tags":{"default":["attribution_audit","commission_traceability","anti_fraud"],"items":{"type":"string"},"type":"array"},"delivery_phase":{"const":"DATA_CONTRACT"},"domain_key":{"const":"commerce_fintech_assets"},"event_id":{"format":"uuid","type":"string"},"event_topic":{"const":"up.commission.booked"},"evidence_refs":{"items":{"enum":["transactions","pepita_ledger","influencer_metrics","social_videos"],"type":"string"},"minItems":1,"type":"array"},"module_code":{"const":"UP"},"occurred_at":{"format":"date-time","type":"string"},"payload":{"additionalProperties":true,"properties":{"capability":{"enum":["indicacao","link de atribuicao","comissao"],"type":"string"},"details":{"additionalProperties":true,"type":"object"},"primary_actor":{"enum":["afiliado","merchant","operador de atribuicao"],"type":"string"},"status":{"type":"string"}},"type":"object"},"trace_id":{"format":"uuid","type":"string"},"user_id":{"format":"uuid","type":"string"}},"required":["event_id","event_topic","module_code","domain_key","user_id","occurred_at","payload","evidence_refs"],"title":"UP::up.commission.booked","type":"object"}'::JSONB, 'contracts/events/priority-domains/commerce_fintech_assets.json'),
    ('FINANCAS:financas.goal.created:v1', 'commerce_fintech_assets.priority.v1', 'commerce_fintech_assets', 'FINANCAS', 'financas.goal.created', '1.0.0', 'painel financeiro pessoal', ARRAY['ADVISOR', 'BUSINESS', 'painel financeiro pessoal', 'monitor de metas']::TEXT[], ARRAY['financial_goals', 'transactions', 'wallets']::TEXT[], ARRAY['financial_privacy', 'goal_audit', 'ledger_traceability']::TEXT[], 'READY'::domain_delivery_package_status_enum, '{"$schema":"https://json-schema.org/draft/2020-12/schema","additionalProperties":false,"properties":{"aggregate_id":{"format":"uuid","type":"string"},"aggregate_type":{"type":"string"},"compliance_tags":{"default":["financial_privacy","goal_audit","ledger_traceability"],"items":{"type":"string"},"type":"array"},"delivery_phase":{"const":"VALIDATE"},"domain_key":{"const":"commerce_fintech_assets"},"event_id":{"format":"uuid","type":"string"},"event_topic":{"const":"financas.goal.created"},"evidence_refs":{"items":{"enum":["financial_goals","transactions","wallets"],"type":"string"},"minItems":1,"type":"array"},"module_code":{"const":"FINANCAS"},"occurred_at":{"format":"date-time","type":"string"},"payload":{"additionalProperties":true,"properties":{"capability":{"enum":["metas financeiras","round-up","visao de caixa"],"type":"string"},"details":{"additionalProperties":true,"type":"object"},"primary_actor":{"enum":["usuario PF","microempreendedor","operador financeiro"],"type":"string"},"status":{"type":"string"}},"type":"object"},"trace_id":{"format":"uuid","type":"string"},"user_id":{"format":"uuid","type":"string"}},"required":["event_id","event_topic","module_code","domain_key","user_id","occurred_at","payload","evidence_refs"],"title":"FINANCAS::financas.goal.created","type":"object"}'::JSONB, 'contracts/events/priority-domains/commerce_fintech_assets.json'),
    ('FINANCAS:financas.roundup.booked:v1', 'commerce_fintech_assets.priority.v1', 'commerce_fintech_assets', 'FINANCAS', 'financas.roundup.booked', '1.0.0', 'painel financeiro pessoal', ARRAY['ADVISOR', 'BUSINESS', 'painel financeiro pessoal', 'monitor de metas']::TEXT[], ARRAY['financial_goals', 'transactions', 'wallets']::TEXT[], ARRAY['financial_privacy', 'goal_audit', 'ledger_traceability']::TEXT[], 'READY'::domain_delivery_package_status_enum, '{"$schema":"https://json-schema.org/draft/2020-12/schema","additionalProperties":false,"properties":{"aggregate_id":{"format":"uuid","type":"string"},"aggregate_type":{"type":"string"},"compliance_tags":{"default":["financial_privacy","goal_audit","ledger_traceability"],"items":{"type":"string"},"type":"array"},"delivery_phase":{"const":"VALIDATE"},"domain_key":{"const":"commerce_fintech_assets"},"event_id":{"format":"uuid","type":"string"},"event_topic":{"const":"financas.roundup.booked"},"evidence_refs":{"items":{"enum":["financial_goals","transactions","wallets"],"type":"string"},"minItems":1,"type":"array"},"module_code":{"const":"FINANCAS"},"occurred_at":{"format":"date-time","type":"string"},"payload":{"additionalProperties":true,"properties":{"capability":{"enum":["metas financeiras","round-up","visao de caixa"],"type":"string"},"details":{"additionalProperties":true,"type":"object"},"primary_actor":{"enum":["usuario PF","microempreendedor","operador financeiro"],"type":"string"},"status":{"type":"string"}},"type":"object"},"trace_id":{"format":"uuid","type":"string"},"user_id":{"format":"uuid","type":"string"}},"required":["event_id","event_topic","module_code","domain_key","user_id","occurred_at","payload","evidence_refs"],"title":"FINANCAS::financas.roundup.booked","type":"object"}'::JSONB, 'contracts/events/priority-domains/commerce_fintech_assets.json'),
    ('FINANCAS:financas.cashflow.closed:v1', 'commerce_fintech_assets.priority.v1', 'commerce_fintech_assets', 'FINANCAS', 'financas.cashflow.closed', '1.0.0', 'painel financeiro pessoal', ARRAY['ADVISOR', 'BUSINESS', 'painel financeiro pessoal', 'monitor de metas']::TEXT[], ARRAY['financial_goals', 'transactions', 'wallets']::TEXT[], ARRAY['financial_privacy', 'goal_audit', 'ledger_traceability']::TEXT[], 'READY'::domain_delivery_package_status_enum, '{"$schema":"https://json-schema.org/draft/2020-12/schema","additionalProperties":false,"properties":{"aggregate_id":{"format":"uuid","type":"string"},"aggregate_type":{"type":"string"},"compliance_tags":{"default":["financial_privacy","goal_audit","ledger_traceability"],"items":{"type":"string"},"type":"array"},"delivery_phase":{"const":"VALIDATE"},"domain_key":{"const":"commerce_fintech_assets"},"event_id":{"format":"uuid","type":"string"},"event_topic":{"const":"financas.cashflow.closed"},"evidence_refs":{"items":{"enum":["financial_goals","transactions","wallets"],"type":"string"},"minItems":1,"type":"array"},"module_code":{"const":"FINANCAS"},"occurred_at":{"format":"date-time","type":"string"},"payload":{"additionalProperties":true,"properties":{"capability":{"enum":["metas financeiras","round-up","visao de caixa"],"type":"string"},"details":{"additionalProperties":true,"type":"object"},"primary_actor":{"enum":["usuario PF","microempreendedor","operador financeiro"],"type":"string"},"status":{"type":"string"}},"type":"object"},"trace_id":{"format":"uuid","type":"string"},"user_id":{"format":"uuid","type":"string"}},"required":["event_id","event_topic","module_code","domain_key","user_id","occurred_at","payload","evidence_refs"],"title":"FINANCAS::financas.cashflow.closed","type":"object"}'::JSONB, 'contracts/events/priority-domains/commerce_fintech_assets.json'),
    ('DIGITAL:digital.asset.minted:v1', 'commerce_fintech_assets.priority.v1', 'commerce_fintech_assets', 'DIGITAL', 'digital.asset.minted', '1.0.0', 'painel de colecoes', ARRAY['CREATOR', 'DOCS', 'painel de colecoes', 'fila de mint']::TEXT[], ARRAY['digital_asset_collections', 'digital_assets', 'digital_asset_events']::TEXT[], ARRAY['ownership_traceability', 'royalty_audit', 'custody_controls']::TEXT[], 'READY'::domain_delivery_package_status_enum, '{"$schema":"https://json-schema.org/draft/2020-12/schema","additionalProperties":false,"properties":{"aggregate_id":{"format":"uuid","type":"string"},"aggregate_type":{"type":"string"},"compliance_tags":{"default":["ownership_traceability","royalty_audit","custody_controls"],"items":{"type":"string"},"type":"array"},"delivery_phase":{"const":"VALIDATE"},"domain_key":{"const":"commerce_fintech_assets"},"event_id":{"format":"uuid","type":"string"},"event_topic":{"const":"digital.asset.minted"},"evidence_refs":{"items":{"enum":["digital_asset_collections","digital_assets","digital_asset_events"],"type":"string"},"minItems":1,"type":"array"},"module_code":{"const":"DIGITAL"},"occurred_at":{"format":"date-time","type":"string"},"payload":{"additionalProperties":true,"properties":{"capability":{"enum":["colecoes digitais","mint e transferencia","trilha de royalties"],"type":"string"},"details":{"additionalProperties":true,"type":"object"},"primary_actor":{"enum":["criador","colecionador","operador de custodia"],"type":"string"},"status":{"type":"string"}},"type":"object"},"trace_id":{"format":"uuid","type":"string"},"user_id":{"format":"uuid","type":"string"}},"required":["event_id","event_topic","module_code","domain_key","user_id","occurred_at","payload","evidence_refs"],"title":"DIGITAL::digital.asset.minted","type":"object"}'::JSONB, 'contracts/events/priority-domains/commerce_fintech_assets.json'),
    ('DIGITAL:digital.asset.transferred:v1', 'commerce_fintech_assets.priority.v1', 'commerce_fintech_assets', 'DIGITAL', 'digital.asset.transferred', '1.0.0', 'painel de colecoes', ARRAY['CREATOR', 'DOCS', 'painel de colecoes', 'fila de mint']::TEXT[], ARRAY['digital_asset_collections', 'digital_assets', 'digital_asset_events']::TEXT[], ARRAY['ownership_traceability', 'royalty_audit', 'custody_controls']::TEXT[], 'READY'::domain_delivery_package_status_enum, '{"$schema":"https://json-schema.org/draft/2020-12/schema","additionalProperties":false,"properties":{"aggregate_id":{"format":"uuid","type":"string"},"aggregate_type":{"type":"string"},"compliance_tags":{"default":["ownership_traceability","royalty_audit","custody_controls"],"items":{"type":"string"},"type":"array"},"delivery_phase":{"const":"VALIDATE"},"domain_key":{"const":"commerce_fintech_assets"},"event_id":{"format":"uuid","type":"string"},"event_topic":{"const":"digital.asset.transferred"},"evidence_refs":{"items":{"enum":["digital_asset_collections","digital_assets","digital_asset_events"],"type":"string"},"minItems":1,"type":"array"},"module_code":{"const":"DIGITAL"},"occurred_at":{"format":"date-time","type":"string"},"payload":{"additionalProperties":true,"properties":{"capability":{"enum":["colecoes digitais","mint e transferencia","trilha de royalties"],"type":"string"},"details":{"additionalProperties":true,"type":"object"},"primary_actor":{"enum":["criador","colecionador","operador de custodia"],"type":"string"},"status":{"type":"string"}},"type":"object"},"trace_id":{"format":"uuid","type":"string"},"user_id":{"format":"uuid","type":"string"}},"required":["event_id","event_topic","module_code","domain_key","user_id","occurred_at","payload","evidence_refs"],"title":"DIGITAL::digital.asset.transferred","type":"object"}'::JSONB, 'contracts/events/priority-domains/commerce_fintech_assets.json'),
    ('DIGITAL:digital.royalty.calculated:v1', 'commerce_fintech_assets.priority.v1', 'commerce_fintech_assets', 'DIGITAL', 'digital.royalty.calculated', '1.0.0', 'painel de colecoes', ARRAY['CREATOR', 'DOCS', 'painel de colecoes', 'fila de mint']::TEXT[], ARRAY['digital_asset_collections', 'digital_assets', 'digital_asset_events']::TEXT[], ARRAY['ownership_traceability', 'royalty_audit', 'custody_controls']::TEXT[], 'READY'::domain_delivery_package_status_enum, '{"$schema":"https://json-schema.org/draft/2020-12/schema","additionalProperties":false,"properties":{"aggregate_id":{"format":"uuid","type":"string"},"aggregate_type":{"type":"string"},"compliance_tags":{"default":["ownership_traceability","royalty_audit","custody_controls"],"items":{"type":"string"},"type":"array"},"delivery_phase":{"const":"VALIDATE"},"domain_key":{"const":"commerce_fintech_assets"},"event_id":{"format":"uuid","type":"string"},"event_topic":{"const":"digital.royalty.calculated"},"evidence_refs":{"items":{"enum":["digital_asset_collections","digital_assets","digital_asset_events"],"type":"string"},"minItems":1,"type":"array"},"module_code":{"const":"DIGITAL"},"occurred_at":{"format":"date-time","type":"string"},"payload":{"additionalProperties":true,"properties":{"capability":{"enum":["colecoes digitais","mint e transferencia","trilha de royalties"],"type":"string"},"details":{"additionalProperties":true,"type":"object"},"primary_actor":{"enum":["criador","colecionador","operador de custodia"],"type":"string"},"status":{"type":"string"}},"type":"object"},"trace_id":{"format":"uuid","type":"string"},"user_id":{"format":"uuid","type":"string"}},"required":["event_id","event_topic","module_code","domain_key","user_id","occurred_at","payload","evidence_refs"],"title":"DIGITAL::digital.royalty.calculated","type":"object"}'::JSONB, 'contracts/events/priority-domains/commerce_fintech_assets.json'),
    ('REAL_ESTATE:real_estate.property.registered:v1', 'commerce_fintech_assets.priority.v1', 'commerce_fintech_assets', 'REAL_ESTATE', 'real_estate.property.registered', '1.0.0', 'painel de propriedades', ARRAY['DIGITAL', 'DOCS', 'painel de propriedades', 'fila de due diligence']::TEXT[], ARRAY['real_estate_properties', 'real_estate_listings', 'real_estate_deals']::TEXT[], ARRAY['property_traceability', 'contract_audit', 'investor_suitability']::TEXT[], 'READY'::domain_delivery_package_status_enum, '{"$schema":"https://json-schema.org/draft/2020-12/schema","additionalProperties":false,"properties":{"aggregate_id":{"format":"uuid","type":"string"},"aggregate_type":{"type":"string"},"compliance_tags":{"default":["property_traceability","contract_audit","investor_suitability"],"items":{"type":"string"},"type":"array"},"delivery_phase":{"const":"VALIDATE"},"domain_key":{"const":"commerce_fintech_assets"},"event_id":{"format":"uuid","type":"string"},"event_topic":{"const":"real_estate.property.registered"},"evidence_refs":{"items":{"enum":["real_estate_properties","real_estate_listings","real_estate_deals"],"type":"string"},"minItems":1,"type":"array"},"module_code":{"const":"REAL_ESTATE"},"occurred_at":{"format":"date-time","type":"string"},"payload":{"additionalProperties":true,"properties":{"capability":{"enum":["cadastro de imovel","listagem e proposta","deal tokenizado"],"type":"string"},"details":{"additionalProperties":true,"type":"object"},"primary_actor":{"enum":["corretor","investidor","operador juridico"],"type":"string"},"status":{"type":"string"}},"type":"object"},"trace_id":{"format":"uuid","type":"string"},"user_id":{"format":"uuid","type":"string"}},"required":["event_id","event_topic","module_code","domain_key","user_id","occurred_at","payload","evidence_refs"],"title":"REAL_ESTATE::real_estate.property.registered","type":"object"}'::JSONB, 'contracts/events/priority-domains/commerce_fintech_assets.json'),
    ('REAL_ESTATE:real_estate.listing.published:v1', 'commerce_fintech_assets.priority.v1', 'commerce_fintech_assets', 'REAL_ESTATE', 'real_estate.listing.published', '1.0.0', 'painel de propriedades', ARRAY['DIGITAL', 'DOCS', 'painel de propriedades', 'fila de due diligence']::TEXT[], ARRAY['real_estate_properties', 'real_estate_listings', 'real_estate_deals']::TEXT[], ARRAY['property_traceability', 'contract_audit', 'investor_suitability']::TEXT[], 'READY'::domain_delivery_package_status_enum, '{"$schema":"https://json-schema.org/draft/2020-12/schema","additionalProperties":false,"properties":{"aggregate_id":{"format":"uuid","type":"string"},"aggregate_type":{"type":"string"},"compliance_tags":{"default":["property_traceability","contract_audit","investor_suitability"],"items":{"type":"string"},"type":"array"},"delivery_phase":{"const":"VALIDATE"},"domain_key":{"const":"commerce_fintech_assets"},"event_id":{"format":"uuid","type":"string"},"event_topic":{"const":"real_estate.listing.published"},"evidence_refs":{"items":{"enum":["real_estate_properties","real_estate_listings","real_estate_deals"],"type":"string"},"minItems":1,"type":"array"},"module_code":{"const":"REAL_ESTATE"},"occurred_at":{"format":"date-time","type":"string"},"payload":{"additionalProperties":true,"properties":{"capability":{"enum":["cadastro de imovel","listagem e proposta","deal tokenizado"],"type":"string"},"details":{"additionalProperties":true,"type":"object"},"primary_actor":{"enum":["corretor","investidor","operador juridico"],"type":"string"},"status":{"type":"string"}},"type":"object"},"trace_id":{"format":"uuid","type":"string"},"user_id":{"format":"uuid","type":"string"}},"required":["event_id","event_topic","module_code","domain_key","user_id","occurred_at","payload","evidence_refs"],"title":"REAL_ESTATE::real_estate.listing.published","type":"object"}'::JSONB, 'contracts/events/priority-domains/commerce_fintech_assets.json'),
    ('REAL_ESTATE:real_estate.deal.executed:v1', 'commerce_fintech_assets.priority.v1', 'commerce_fintech_assets', 'REAL_ESTATE', 'real_estate.deal.executed', '1.0.0', 'painel de propriedades', ARRAY['DIGITAL', 'DOCS', 'painel de propriedades', 'fila de due diligence']::TEXT[], ARRAY['real_estate_properties', 'real_estate_listings', 'real_estate_deals']::TEXT[], ARRAY['property_traceability', 'contract_audit', 'investor_suitability']::TEXT[], 'READY'::domain_delivery_package_status_enum, '{"$schema":"https://json-schema.org/draft/2020-12/schema","additionalProperties":false,"properties":{"aggregate_id":{"format":"uuid","type":"string"},"aggregate_type":{"type":"string"},"compliance_tags":{"default":["property_traceability","contract_audit","investor_suitability"],"items":{"type":"string"},"type":"array"},"delivery_phase":{"const":"VALIDATE"},"domain_key":{"const":"commerce_fintech_assets"},"event_id":{"format":"uuid","type":"string"},"event_topic":{"const":"real_estate.deal.executed"},"evidence_refs":{"items":{"enum":["real_estate_properties","real_estate_listings","real_estate_deals"],"type":"string"},"minItems":1,"type":"array"},"module_code":{"const":"REAL_ESTATE"},"occurred_at":{"format":"date-time","type":"string"},"payload":{"additionalProperties":true,"properties":{"capability":{"enum":["cadastro de imovel","listagem e proposta","deal tokenizado"],"type":"string"},"details":{"additionalProperties":true,"type":"object"},"primary_actor":{"enum":["corretor","investidor","operador juridico"],"type":"string"},"status":{"type":"string"}},"type":"object"},"trace_id":{"format":"uuid","type":"string"},"user_id":{"format":"uuid","type":"string"}},"required":["event_id","event_topic","module_code","domain_key","user_id","occurred_at","payload","evidence_refs"],"title":"REAL_ESTATE::real_estate.deal.executed","type":"object"}'::JSONB, 'contracts/events/priority-domains/commerce_fintech_assets.json'),
    ('INSURANCE:insurance.policy.issued:v1', 'commerce_fintech_assets.priority.v1', 'commerce_fintech_assets', 'INSURANCE', 'insurance.policy.issued', '1.0.0', 'painel de apolices', ARRAY['SECURITY', 'DOCS', 'painel de apolices', 'fila de claim']::TEXT[], ARRAY['insurance_products', 'insurance_policies', 'insurance_claims']::TEXT[], ARRAY['policy_audit', 'claim_traceability', 'risk_underwriting']::TEXT[], 'READY'::domain_delivery_package_status_enum, '{"$schema":"https://json-schema.org/draft/2020-12/schema","additionalProperties":false,"properties":{"aggregate_id":{"format":"uuid","type":"string"},"aggregate_type":{"type":"string"},"compliance_tags":{"default":["policy_audit","claim_traceability","risk_underwriting"],"items":{"type":"string"},"type":"array"},"delivery_phase":{"const":"VALIDATE"},"domain_key":{"const":"commerce_fintech_assets"},"event_id":{"format":"uuid","type":"string"},"event_topic":{"const":"insurance.policy.issued"},"evidence_refs":{"items":{"enum":["insurance_products","insurance_policies","insurance_claims"],"type":"string"},"minItems":1,"type":"array"},"module_code":{"const":"INSURANCE"},"occurred_at":{"format":"date-time","type":"string"},"payload":{"additionalProperties":true,"properties":{"capability":{"enum":["produtos e apolices","claims","eventos de claim"],"type":"string"},"details":{"additionalProperties":true,"type":"object"},"primary_actor":{"enum":["segurado","underwriter","analista de sinistro"],"type":"string"},"status":{"type":"string"}},"type":"object"},"trace_id":{"format":"uuid","type":"string"},"user_id":{"format":"uuid","type":"string"}},"required":["event_id","event_topic","module_code","domain_key","user_id","occurred_at","payload","evidence_refs"],"title":"INSURANCE::insurance.policy.issued","type":"object"}'::JSONB, 'contracts/events/priority-domains/commerce_fintech_assets.json'),
    ('INSURANCE:insurance.claim.opened:v1', 'commerce_fintech_assets.priority.v1', 'commerce_fintech_assets', 'INSURANCE', 'insurance.claim.opened', '1.0.0', 'painel de apolices', ARRAY['SECURITY', 'DOCS', 'painel de apolices', 'fila de claim']::TEXT[], ARRAY['insurance_products', 'insurance_policies', 'insurance_claims']::TEXT[], ARRAY['policy_audit', 'claim_traceability', 'risk_underwriting']::TEXT[], 'READY'::domain_delivery_package_status_enum, '{"$schema":"https://json-schema.org/draft/2020-12/schema","additionalProperties":false,"properties":{"aggregate_id":{"format":"uuid","type":"string"},"aggregate_type":{"type":"string"},"compliance_tags":{"default":["policy_audit","claim_traceability","risk_underwriting"],"items":{"type":"string"},"type":"array"},"delivery_phase":{"const":"VALIDATE"},"domain_key":{"const":"commerce_fintech_assets"},"event_id":{"format":"uuid","type":"string"},"event_topic":{"const":"insurance.claim.opened"},"evidence_refs":{"items":{"enum":["insurance_products","insurance_policies","insurance_claims"],"type":"string"},"minItems":1,"type":"array"},"module_code":{"const":"INSURANCE"},"occurred_at":{"format":"date-time","type":"string"},"payload":{"additionalProperties":true,"properties":{"capability":{"enum":["produtos e apolices","claims","eventos de claim"],"type":"string"},"details":{"additionalProperties":true,"type":"object"},"primary_actor":{"enum":["segurado","underwriter","analista de sinistro"],"type":"string"},"status":{"type":"string"}},"type":"object"},"trace_id":{"format":"uuid","type":"string"},"user_id":{"format":"uuid","type":"string"}},"required":["event_id","event_topic","module_code","domain_key","user_id","occurred_at","payload","evidence_refs"],"title":"INSURANCE::insurance.claim.opened","type":"object"}'::JSONB, 'contracts/events/priority-domains/commerce_fintech_assets.json'),
    ('INSURANCE:insurance.claim.settled:v1', 'commerce_fintech_assets.priority.v1', 'commerce_fintech_assets', 'INSURANCE', 'insurance.claim.settled', '1.0.0', 'painel de apolices', ARRAY['SECURITY', 'DOCS', 'painel de apolices', 'fila de claim']::TEXT[], ARRAY['insurance_products', 'insurance_policies', 'insurance_claims']::TEXT[], ARRAY['policy_audit', 'claim_traceability', 'risk_underwriting']::TEXT[], 'READY'::domain_delivery_package_status_enum, '{"$schema":"https://json-schema.org/draft/2020-12/schema","additionalProperties":false,"properties":{"aggregate_id":{"format":"uuid","type":"string"},"aggregate_type":{"type":"string"},"compliance_tags":{"default":["policy_audit","claim_traceability","risk_underwriting"],"items":{"type":"string"},"type":"array"},"delivery_phase":{"const":"VALIDATE"},"domain_key":{"const":"commerce_fintech_assets"},"event_id":{"format":"uuid","type":"string"},"event_topic":{"const":"insurance.claim.settled"},"evidence_refs":{"items":{"enum":["insurance_products","insurance_policies","insurance_claims"],"type":"string"},"minItems":1,"type":"array"},"module_code":{"const":"INSURANCE"},"occurred_at":{"format":"date-time","type":"string"},"payload":{"additionalProperties":true,"properties":{"capability":{"enum":["produtos e apolices","claims","eventos de claim"],"type":"string"},"details":{"additionalProperties":true,"type":"object"},"primary_actor":{"enum":["segurado","underwriter","analista de sinistro"],"type":"string"},"status":{"type":"string"}},"type":"object"},"trace_id":{"format":"uuid","type":"string"},"user_id":{"format":"uuid","type":"string"}},"required":["event_id","event_topic","module_code","domain_key","user_id","occurred_at","payload","evidence_refs"],"title":"INSURANCE::insurance.claim.settled","type":"object"}'::JSONB, 'contracts/events/priority-domains/commerce_fintech_assets.json')
)
INSERT INTO domain_event_contracts (
    contract_key,
    package_key,
    domain_key,
    module_code,
    event_topic,
    contract_version,
    producer_surface,
    consumer_surfaces,
    evidence_entities,
    compliance_tags,
    contract_status,
    payload_schema_json,
    artifact_path
)
SELECT
    contract_key,
    package_key,
    domain_key,
    module_code,
    event_topic,
    contract_version,
    producer_surface,
    consumer_surfaces,
    evidence_entities,
    compliance_tags,
    contract_status,
    payload_schema_json,
    artifact_path
FROM contract_source
ON CONFLICT (contract_key) DO UPDATE SET
    package_key = EXCLUDED.package_key,
    domain_key = EXCLUDED.domain_key,
    module_code = EXCLUDED.module_code,
    event_topic = EXCLUDED.event_topic,
    contract_version = EXCLUDED.contract_version,
    producer_surface = EXCLUDED.producer_surface,
    consumer_surfaces = EXCLUDED.consumer_surfaces,
    evidence_entities = EXCLUDED.evidence_entities,
    compliance_tags = EXCLUDED.compliance_tags,
    contract_status = EXCLUDED.contract_status,
    payload_schema_json = EXCLUDED.payload_schema_json,
    artifact_path = EXCLUDED.artifact_path,
    updated_at = NOW();

-- Seed operacional minimo do dominio com cadeia de marketplace, treasury, ativos digitais, real estate e insurance.

INSERT INTO users (
    user_id,
    user_kind,
    account_status,
    kyc_status,
    full_name,
    display_name,
    email,
    phone_e164,
    document_country,
    document_type,
    document_number,
    nationality,
    tax_residence_country,
    risk_level,
    primary_role,
    nexus_external_ref,
    terms_accepted_at,
    privacy_accepted_at,
    module_tier,
    ops_region_code,
    compliance_notes,
    internal_tags,
    created_at,
    updated_at
) VALUES
    (
        '10000000-0000-4000-8000-000000000401',
        'PJ'::user_kind_enum,
        'ACTIVE'::account_status_enum,
        'APPROVED'::kyc_status_enum,
        'Nexora Commerce Holdings Ltda',
        'Nexora Commerce',
        'commerce.ops@nexora.local',
        '+5511999000401',
        'BR',
        'CNPJ',
        '61.228.450/0001-09',
        'BR',
        'BR',
        1,
        'MERCHANT_OWNER',
        'seed-commerce-merchant',
        TIMESTAMPTZ '2026-04-21 14:00:00+00',
        TIMESTAMPTZ '2026-04-21 14:02:00+00',
        'ENTERPRISE',
        'BR-SP',
        'Operador ancora de marketplace, Plug, DIGITAL, REAL_ESTATE e INSURANCE.',
        ARRAY['seed','commerce_fintech_assets','priority_2']::TEXT[],
        TIMESTAMPTZ '2026-04-21 14:00:00+00',
        TIMESTAMPTZ '2026-04-21 14:00:00+00'
    ),
    (
        '10000000-0000-4000-8000-000000000402',
        'PF'::user_kind_enum,
        'ACTIVE'::account_status_enum,
        'APPROVED'::kyc_status_enum,
        'Paula Compradora',
        'Paula Compradora',
        'paula.compradora@nexora.local',
        '+5511999000402',
        'BR',
        'CPF',
        '517.884.410-65',
        'BR',
        'BR',
        1,
        'CUSTOMER',
        'seed-commerce-customer',
        TIMESTAMPTZ '2026-04-21 14:00:00+00',
        TIMESTAMPTZ '2026-04-21 14:02:00+00',
        'PRO',
        'BR-SP',
        'Cliente de marketplace, investidora tokenizada e segurada do seed.',
        ARRAY['seed','commerce_fintech_assets','customer']::TEXT[],
        TIMESTAMPTZ '2026-04-21 14:00:00+00',
        TIMESTAMPTZ '2026-04-21 14:00:00+00'
    ),
    (
        '10000000-0000-4000-8000-000000000403',
        'PF'::user_kind_enum,
        'ACTIVE'::account_status_enum,
        'APPROVED'::kyc_status_enum,
        'Rafa Afiliado',
        'Rafa Afiliado',
        'rafa.afiliado@nexora.local',
        '+5511999000403',
        'BR',
        'CPF',
        '649.320.690-30',
        'BR',
        'BR',
        1,
        'AFFILIATE',
        'seed-commerce-affiliate',
        TIMESTAMPTZ '2026-04-21 14:00:00+00',
        TIMESTAMPTZ '2026-04-21 14:02:00+00',
        'CORE',
        'BR-SP',
        'Afiliado do fluxo Valley Up para atribuicao e comissao.',
        ARRAY['seed','commerce_fintech_assets','up']::TEXT[],
        TIMESTAMPTZ '2026-04-21 14:00:00+00',
        TIMESTAMPTZ '2026-04-21 14:00:00+00'
    )
ON CONFLICT (user_id) DO NOTHING;

INSERT INTO wallets (
    wallet_id,
    user_id,
    wallet_type,
    asset_code,
    wallet_status,
    balance_available_brl,
    balance_blocked_brl,
    balance_pending_brl,
    balance_available_nex,
    balance_blocked_nex,
    balance_pending_nex,
    daily_limit_brl,
    monthly_limit_brl,
    ledger_version,
    last_reconciled_at,
    created_at,
    updated_at
) VALUES
    (
        '20000000-0000-4000-8000-000000000401',
        '10000000-0000-4000-8000-000000000401',
        'CUSTODIAL'::wallet_type_enum,
        'BRL'::wallet_asset_enum,
        'ACTIVE'::wallet_status_enum,
        950000.0000,
        0.0000,
        0.0000,
        0.00000000,
        0.00000000,
        0.00000000,
        2000000.0000,
        12000000.0000,
        8,
        TIMESTAMPTZ '2026-04-21 14:00:00+00',
        TIMESTAMPTZ '2026-04-21 14:00:00+00',
        TIMESTAMPTZ '2026-04-21 14:00:00+00'
    ),
    (
        '20000000-0000-4000-8000-000000000402',
        '10000000-0000-4000-8000-000000000402',
        'CUSTODIAL'::wallet_type_enum,
        'BRL'::wallet_asset_enum,
        'ACTIVE'::wallet_status_enum,
        520000.0000,
        0.0000,
        0.0000,
        0.00000000,
        0.00000000,
        0.00000000,
        900000.0000,
        6000000.0000,
        7,
        TIMESTAMPTZ '2026-04-21 14:00:00+00',
        TIMESTAMPTZ '2026-04-21 14:00:00+00',
        TIMESTAMPTZ '2026-04-21 14:00:00+00'
    )
ON CONFLICT (wallet_id) DO NOTHING;

INSERT INTO inventory_items (
    item_id,
    merchant_user_id,
    module_code,
    item_sku,
    external_sku,
    item_name,
    item_description,
    item_type,
    item_status,
    category_path,
    unit_of_measure,
    base_price_brl,
    cost_reference_brl,
    tax_class,
    attributes_json,
    created_at,
    updated_at
) VALUES (
    '30000000-0000-4000-8000-000000000601',
    '10000000-0000-4000-8000-000000000401',
    'MARKETPLACE',
    'SMART-HUB-01',
    'EXT-SMART-HUB-01',
    'Hub Comercial Inteligente',
    'Dispositivo conectado vendido no marketplace local com fulfillment dropship.',
    'PHYSICAL'::inventory_item_type_enum,
    'ACTIVE'::inventory_item_status_enum,
    ARRAY['electronics','iot','smart_hub']::TEXT[],
    'UN',
    189.9000,
    111.0000,
    'NCM-851762',
    '{"color":"graphite","warranty_months":12}'::JSONB,
    TIMESTAMPTZ '2026-04-21 14:05:00+00',
    TIMESTAMPTZ '2026-04-21 14:05:00+00'
) ON CONFLICT (item_id) DO NOTHING;

INSERT INTO merchant_storefronts (
    storefront_id,
    merchant_user_id,
    wallet_id,
    module_code,
    storefront_code,
    storefront_name,
    storefront_status,
    address_json,
    geo_json,
    service_radius_km,
    supported_domains,
    service_modes,
    accepts_marketplace_sales,
    accepts_physical_sales,
    schedule_json,
    metadata_json,
    created_at,
    updated_at
) VALUES (
    '30000000-0000-4000-8000-000000000602',
    '10000000-0000-4000-8000-000000000401',
    '20000000-0000-4000-8000-000000000401',
    'MARKETPLACE',
    'STORE-COM-01',
    'Nexora Smart Commerce Paulista',
    'ACTIVE'::storefront_status_enum,
    '{"street":"Avenida Paulista","number":"1700","city":"Sao Paulo","state":"SP"}'::JSONB,
    '{"lat":-23.5617,"lng":-46.6557}'::JSONB,
    12.5000,
    ARRAY['DROPSHIP'::order_domain_enum, 'SERVICES'::order_domain_enum],
    ARRAY['delivery', 'pickup', 'plug_pos']::TEXT[],
    TRUE,
    TRUE,
    '{"monday":{"open":"09:00","close":"20:00"},"saturday":{"open":"10:00","close":"18:00"}}'::JSONB,
    '{"seller_score":"gold","anti_fraud_profile":"strict"}'::JSONB,
    TIMESTAMPTZ '2026-04-21 14:06:00+00',
    TIMESTAMPTZ '2026-04-21 14:06:00+00'
) ON CONFLICT (storefront_id) DO NOTHING;

INSERT INTO marketplace_listings (
    listing_id,
    merchant_user_id,
    wallet_id,
    item_id,
    module_code,
    listing_status,
    listing_title,
    listing_description,
    price_brl,
    commission_rate,
    stock_strategy,
    available_quantity_snapshot,
    published_at,
    created_at,
    updated_at
) VALUES (
    '30000000-0000-4000-8000-000000000603',
    '10000000-0000-4000-8000-000000000401',
    '20000000-0000-4000-8000-000000000401',
    '30000000-0000-4000-8000-000000000601',
    'MARKETPLACE',
    'ACTIVE'::marketplace_listing_status_enum,
    'Hub Comercial Inteligente Valley',
    'Listing local com seller score, moderacao e atribuicao de afiliado.',
    189.9000,
    0.1200,
    'DROPSHIP',
    25.0000,
    TIMESTAMPTZ '2026-04-21 14:07:00+00',
    TIMESTAMPTZ '2026-04-21 14:07:00+00',
    TIMESTAMPTZ '2026-04-21 14:07:00+00'
) ON CONFLICT (listing_id) DO NOTHING;

INSERT INTO orders (
    order_id,
    user_id,
    wallet_id,
    order_domain,
    order_status,
    merchant_user_id,
    rider_user_id,
    affiliate_user_id,
    source_channel,
    currency_code,
    subtotal_brl,
    delivery_fee_brl,
    service_fee_brl,
    discount_brl,
    tax_brl,
    total_brl,
    total_nex,
    payment_transaction_id,
    pickup_address_json,
    dropoff_address_json,
    scheduled_for,
    confirmed_at,
    dispatched_at,
    delivered_at,
    cancelled_at,
    cancellation_reason,
    customer_notes,
    ops_notes,
    restaurant_user_id,
    kitchen_status,
    prep_started_at,
    route_distance_km,
    route_duration_sec,
    surge_multiplier,
    vehicle_category,
    supplier_name,
    supplier_sku,
    tracking_code,
    tracking_provider,
    customs_status,
    created_at,
    updated_at,
    business_unit_id,
    food_store_contract_id,
    promised_delivery_at
) VALUES (
    '30000000-0000-4000-8000-000000000604',
    '10000000-0000-4000-8000-000000000402',
    '20000000-0000-4000-8000-000000000402',
    'DROPSHIP'::order_domain_enum,
    'COMPLETED'::order_status_enum,
    '10000000-0000-4000-8000-000000000401',
    NULL,
    '10000000-0000-4000-8000-000000000403',
    'marketplace_app',
    'BRL',
    189.9000,
    12.0000,
    8.0000,
    10.0000,
    0.0000,
    199.9000,
    0.00000000,
    NULL,
    '{"warehouse":"Nexora Smart Commerce Paulista","city":"Sao Paulo"}'::JSONB,
    '{"customer":"Paula Compradora","street":"Rua dos Pinheiros","number":"120","city":"Sao Paulo"}'::JSONB,
    NULL,
    TIMESTAMPTZ '2026-04-21 14:08:00+00',
    TIMESTAMPTZ '2026-04-21 14:40:00+00',
    TIMESTAMPTZ '2026-04-21 17:15:00+00',
    NULL,
    NULL,
    'Entregar na portaria principal.',
    'Pedido seedado para validar marketplace, afiliado e sale validation.',
    NULL,
    NULL,
    NULL,
    14.2000,
    3200,
    1.0000,
    'VAN',
    'Nexora Fulfillment Partner',
    'SMART-HUB-01',
    'DROP-20260421-001',
    'NEXORA_DROPSHIP',
    NULL,
    TIMESTAMPTZ '2026-04-21 14:08:00+00',
    TIMESTAMPTZ '2026-04-21 17:15:00+00',
    NULL,
    NULL,
    TIMESTAMPTZ '2026-04-21 18:00:00+00'
) ON CONFLICT (order_id) DO NOTHING;

INSERT INTO transactions (
    transaction_id,
    user_id,
    wallet_id,
    counterparty_user_id,
    counterparty_wallet_id,
    transaction_type,
    transaction_status,
    order_id,
    asset_code,
    amount_brl,
    amount_nex,
    fee_amount_brl,
    platform_amount_brl,
    merchant_amount_brl,
    affiliate_amount_brl,
    escrow_amount_brl,
    fx_rate,
    reference_code,
    external_reference,
    channel,
    origin_module,
    description,
    metadata_json,
    authorized_at,
    settled_at,
    failed_at,
    created_at
) VALUES
    (
        '30000000-0000-4000-8000-000000000605',
        '10000000-0000-4000-8000-000000000402',
        '20000000-0000-4000-8000-000000000402',
        '10000000-0000-4000-8000-000000000401',
        '20000000-0000-4000-8000-000000000401',
        'PAYMENT'::transaction_type_enum,
        'SETTLED'::transaction_status_enum,
        '30000000-0000-4000-8000-000000000604',
        'BRL'::wallet_asset_enum,
        199.9000,
        0.00000000,
        0.0000,
        8.0000,
        184.9000,
        7.0000,
        0.0000,
        NULL,
        'TX-COM-MKT-001',
        'commerce-marketplace-001',
        'marketplace_app',
        'MARKETPLACE',
        'Checkout validado do listing marketplace.',
        '{"domain":"commerce_fintech_assets","flow":"marketplace_checkout"}'::JSONB,
        TIMESTAMPTZ '2026-04-21 14:09:00+00',
        TIMESTAMPTZ '2026-04-21 14:10:00+00',
        NULL,
        TIMESTAMPTZ '2026-04-21 14:09:00+00'
    ),
    (
        '30000000-0000-4000-8000-000000000608',
        '10000000-0000-4000-8000-000000000402',
        '20000000-0000-4000-8000-000000000402',
        '10000000-0000-4000-8000-000000000401',
        '20000000-0000-4000-8000-000000000401',
        'PAYMENT'::transaction_type_enum,
        'SETTLED'::transaction_status_enum,
        NULL,
        'BRL'::wallet_asset_enum,
        89.9000,
        0.00000000,
        0.0000,
        0.0000,
        89.9000,
        0.0000,
        0.0000,
        NULL,
        'TX-COM-PLUG-001',
        'commerce-plug-001',
        'plug_pos',
        'PLUG',
        'Pagamento presencial Valley Plug liquidado no merchant.',
        '{"domain":"commerce_fintech_assets","flow":"plug_pos"}'::JSONB,
        TIMESTAMPTZ '2026-04-21 15:00:00+00',
        TIMESTAMPTZ '2026-04-21 15:01:00+00',
        NULL,
        TIMESTAMPTZ '2026-04-21 15:00:00+00'
    ),
    (
        '30000000-0000-4000-8000-000000000619',
        '10000000-0000-4000-8000-000000000402',
        '20000000-0000-4000-8000-000000000402',
        '10000000-0000-4000-8000-000000000401',
        '20000000-0000-4000-8000-000000000401',
        'PAYMENT'::transaction_type_enum,
        'SETTLED'::transaction_status_enum,
        NULL,
        'BRL'::wallet_asset_enum,
        435000.0000,
        0.00000000,
        0.0000,
        13050.0000,
        421950.0000,
        0.0000,
        0.0000,
        NULL,
        'TX-COM-RE-001',
        'commerce-real-estate-001',
        'real_estate_console',
        'REAL_ESTATE',
        'Liquidacao do deal imobiliario tokenizado.',
        '{"domain":"commerce_fintech_assets","flow":"real_estate_close"}'::JSONB,
        TIMESTAMPTZ '2026-04-22 10:00:00+00',
        TIMESTAMPTZ '2026-04-22 10:05:00+00',
        NULL,
        TIMESTAMPTZ '2026-04-22 10:00:00+00'
    ),
    (
        '30000000-0000-4000-8000-000000000624',
        '10000000-0000-4000-8000-000000000402',
        '20000000-0000-4000-8000-000000000402',
        '10000000-0000-4000-8000-000000000401',
        '20000000-0000-4000-8000-000000000401',
        'PAYMENT'::transaction_type_enum,
        'SETTLED'::transaction_status_enum,
        NULL,
        'BRL'::wallet_asset_enum,
        39.9000,
        0.00000000,
        0.0000,
        0.0000,
        39.9000,
        0.0000,
        0.0000,
        NULL,
        'TX-COM-INS-PREMIUM-001',
        'commerce-insurance-premium-001',
        'insurance_console',
        'INSURANCE',
        'Pagamento do premio da apolice property shield.',
        '{"domain":"commerce_fintech_assets","flow":"insurance_premium"}'::JSONB,
        TIMESTAMPTZ '2026-04-22 11:00:00+00',
        TIMESTAMPTZ '2026-04-22 11:01:00+00',
        NULL,
        TIMESTAMPTZ '2026-04-22 11:00:00+00'
    ),
    (
        '30000000-0000-4000-8000-000000000626',
        '10000000-0000-4000-8000-000000000401',
        '20000000-0000-4000-8000-000000000401',
        '10000000-0000-4000-8000-000000000402',
        '20000000-0000-4000-8000-000000000402',
        'PAYOUT'::transaction_type_enum,
        'SETTLED'::transaction_status_enum,
        NULL,
        'BRL'::wallet_asset_enum,
        8500.0000,
        0.00000000,
        0.0000,
        0.0000,
        0.0000,
        0.0000,
        0.0000,
        NULL,
        'TX-COM-INS-PAYOUT-001',
        'commerce-insurance-payout-001',
        'insurance_console',
        'INSURANCE',
        'Payout do claim aprovado na apolice property shield.',
        '{"domain":"commerce_fintech_assets","flow":"insurance_claim_payout"}'::JSONB,
        TIMESTAMPTZ '2026-04-25 10:00:00+00',
        TIMESTAMPTZ '2026-04-25 10:02:00+00',
        NULL,
        TIMESTAMPTZ '2026-04-25 10:00:00+00'
    )
ON CONFLICT (transaction_id) DO NOTHING;

INSERT INTO sale_validation_events (
    sale_validation_id,
    module_code,
    merchant_user_id,
    customer_user_id,
    rider_user_id,
    storefront_id,
    service_zone_id,
    gold_campaign_id,
    order_id,
    transaction_id,
    validation_source,
    validation_status,
    sale_reference_code,
    telemetry_correlation_id,
    gross_amount_brl,
    net_profit_reference_brl,
    pepita_cap_brl,
    gps_point_json,
    validation_payload_json,
    validated_by_user_id,
    validated_at,
    expires_at,
    created_at,
    updated_at
) VALUES (
    '30000000-0000-4000-8000-000000000606',
    'MARKETPLACE',
    '10000000-0000-4000-8000-000000000401',
    '10000000-0000-4000-8000-000000000402',
    NULL,
    '30000000-0000-4000-8000-000000000602',
    NULL,
    NULL,
    '30000000-0000-4000-8000-000000000604',
    '30000000-0000-4000-8000-000000000605',
    'MARKETPLACE_ORDER'::sale_validation_source_enum,
    'MARKETPLACE_CONFIRMED'::sale_validation_status_enum,
    'SALE-COM-001',
    'VAL-CORR-001',
    199.9000,
    52.0000,
    0.0000,
    '{"lat":-23.5617,"lng":-46.6557}'::JSONB,
    '{"fraud_score":"low","seller_score":"gold"}'::JSONB,
    '10000000-0000-4000-8000-000000000401',
    TIMESTAMPTZ '2026-04-21 14:10:00+00',
    NULL,
    TIMESTAMPTZ '2026-04-21 14:10:00+00',
    TIMESTAMPTZ '2026-04-21 14:10:00+00'
) ON CONFLICT (sale_validation_id) DO NOTHING;

INSERT INTO plug_transactions (
    plug_transaction_id,
    user_id,
    transaction_id,
    amount_brl,
    mdr_rate,
    settled_at,
    created_at
) VALUES (
    '30000000-0000-4000-8000-000000000607',
    '10000000-0000-4000-8000-000000000401',
    '30000000-0000-4000-8000-000000000608',
    89.9000,
    0.0199,
    TIMESTAMPTZ '2026-04-21 15:01:00+00',
    TIMESTAMPTZ '2026-04-21 15:00:00+00'
) ON CONFLICT (plug_transaction_id) DO NOTHING;

INSERT INTO affiliate_referrals (
    referral_id,
    referrer_id,
    order_id,
    purchase_transaction_id,
    commission_amount_brl,
    payout_at,
    created_at
) VALUES (
    '30000000-0000-4000-8000-000000000609',
    '10000000-0000-4000-8000-000000000403',
    '30000000-0000-4000-8000-000000000604',
    '30000000-0000-4000-8000-000000000605',
    7.0000,
    TIMESTAMPTZ '2026-04-22 09:00:00+00',
    TIMESTAMPTZ '2026-04-21 14:10:00+00'
) ON CONFLICT (referral_id) DO NOTHING;

INSERT INTO financial_goals (
    goal_id,
    user_id,
    goal_name,
    target_amount_brl,
    current_amount_brl,
    auto_round_up,
    goal_status,
    deadline,
    created_at,
    updated_at
) VALUES (
    '30000000-0000-4000-8000-000000000610',
    '10000000-0000-4000-8000-000000000401',
    'Reserva de Expansao Omnichannel',
    50000.0000,
    12000.0000,
    FALSE,
    'ACTIVE'::financial_goal_status_enum,
    TIMESTAMPTZ '2026-12-31 23:59:59+00',
    TIMESTAMPTZ '2026-04-21 15:05:00+00',
    TIMESTAMPTZ '2026-04-21 15:05:00+00'
) ON CONFLICT (goal_id) DO NOTHING;

INSERT INTO document_records (
    document_id,
    user_id,
    module_code,
    order_id,
    transaction_id,
    file_url,
    checksum_sha256,
    event_reference,
    created_at
) VALUES
    (
        '30000000-0000-4000-8000-000000000611',
        '10000000-0000-4000-8000-000000000401',
        NULL,
        NULL,
        NULL,
        'https://files.nexora.local/commerce/digital/collection-smart-living.pdf',
        'aaaaaaaaaaaaaaaaaaaaaaaaaaaaaaaaaaaaaaaaaaaaaaaaaaaaaaaaaaaaaa11',
        NULL,
        TIMESTAMPTZ '2026-04-21 15:10:00+00'
    ),
    (
        '30000000-0000-4000-8000-000000000615',
        '10000000-0000-4000-8000-000000000401',
        NULL,
        NULL,
        NULL,
        'https://files.nexora.local/commerce/real-estate/apto-tokenizado-01.pdf',
        'bbbbbbbbbbbbbbbbbbbbbbbbbbbbbbbbbbbbbbbbbbbbbbbbbbbbbbbbbbbbbb22',
        NULL,
        TIMESTAMPTZ '2026-04-22 09:00:00+00'
    ),
    (
        '30000000-0000-4000-8000-000000000621',
        '10000000-0000-4000-8000-000000000401',
        NULL,
        NULL,
        NULL,
        'https://files.nexora.local/commerce/insurance/property-shield-terms.pdf',
        'cccccccccccccccccccccccccccccccccccccccccccccccccccccccccccccc33',
        NULL,
        TIMESTAMPTZ '2026-04-22 10:30:00+00'
    ),
    (
        '30000000-0000-4000-8000-000000000629',
        '10000000-0000-4000-8000-000000000402',
        NULL,
        NULL,
        '30000000-0000-4000-8000-000000000626',
        'https://files.nexora.local/commerce/insurance/claim-property-shield-01.pdf',
        'dddddddddddddddddddddddddddddddddddddddddddddddddddddddddddddd44',
        NULL,
        TIMESTAMPTZ '2026-04-24 12:00:00+00'
    )
ON CONFLICT (document_id) DO NOTHING;

INSERT INTO legal_contracts (
    legal_contract_id,
    owner_user_id,
    counterparty_user_id,
    module_code,
    document_id,
    contract_status,
    contract_type,
    title,
    jurisdiction_country,
    terms_hash_sha256,
    contract_uri,
    effective_at,
    expires_at,
    metadata_json,
    created_at,
    updated_at
) VALUES
    (
        '30000000-0000-4000-8000-000000000616',
        '10000000-0000-4000-8000-000000000401',
        '10000000-0000-4000-8000-000000000402',
        'LEGAL',
        '30000000-0000-4000-8000-000000000615',
        'ACTIVE'::legal_contract_status_enum,
        'REAL_ESTATE_TOKENIZED_SALE',
        'Contrato de venda tokenizada do apartamento smart living',
        'BR',
        'eeeeeeeeeeeeeeeeeeeeeeeeeeeeeeeeeeeeeeeeeeeeeeeeeeeeeeeeeeeeee55',
        'https://contracts.nexora.local/commerce/real-estate/smart-living-01',
        TIMESTAMPTZ '2026-04-22 09:30:00+00',
        TIMESTAMPTZ '2027-04-22 09:30:00+00',
        '{"domain":"commerce_fintech_assets","module":"REAL_ESTATE"}'::JSONB,
        TIMESTAMPTZ '2026-04-22 09:30:00+00',
        TIMESTAMPTZ '2026-04-22 09:30:00+00'
    ),
    (
        '30000000-0000-4000-8000-000000000622',
        '10000000-0000-4000-8000-000000000401',
        '10000000-0000-4000-8000-000000000402',
        'LEGAL',
        '30000000-0000-4000-8000-000000000621',
        'ACTIVE'::legal_contract_status_enum,
        'INSURANCE_TERMS_MASTER',
        'Contrato mestre da apolice Property Shield',
        'BR',
        'ffffffffffffffffffffffffffffffffffffffffffffffffffffffffffffff66',
        'https://contracts.nexora.local/commerce/insurance/property-shield',
        TIMESTAMPTZ '2026-04-22 10:30:00+00',
        TIMESTAMPTZ '2027-04-22 10:30:00+00',
        '{"domain":"commerce_fintech_assets","module":"INSURANCE"}'::JSONB,
        TIMESTAMPTZ '2026-04-22 10:30:00+00',
        TIMESTAMPTZ '2026-04-22 10:30:00+00'
    )
ON CONFLICT (legal_contract_id) DO NOTHING;

INSERT INTO digital_asset_collections (
    collection_id,
    creator_user_id,
    wallet_id,
    module_code,
    collection_code,
    collection_name,
    asset_standard,
    network_code,
    custody_mode,
    royalty_bps,
    supply_cap,
    base_uri,
    rights_json,
    metadata_json,
    document_id,
    created_at,
    updated_at
) VALUES (
    '30000000-0000-4000-8000-000000000612',
    '10000000-0000-4000-8000-000000000401',
    '20000000-0000-4000-8000-000000000401',
    'DIGITAL',
    'DIGI_SMART_HOME_01',
    'Smart Living Collection',
    'ERC-721',
    'POLYGON',
    'HYBRID_CUSTODY',
    750,
    1000,
    'https://assets.nexora.local/digital/smart-living/',
    '{"commercial_use":"restricted","resale":"allowed"}'::JSONB,
    '{"theme":"smart_living","royalty_policy":"creator_first"}'::JSONB,
    '30000000-0000-4000-8000-000000000611',
    TIMESTAMPTZ '2026-04-21 15:12:00+00',
    TIMESTAMPTZ '2026-04-21 15:12:00+00'
) ON CONFLICT (collection_id) DO NOTHING;

INSERT INTO digital_assets (
    digital_asset_id,
    collection_id,
    creator_user_id,
    current_owner_user_id,
    custody_wallet_id,
    module_code,
    asset_code,
    token_id,
    asset_status,
    asset_kind,
    metadata_uri,
    preview_url,
    checksum_sha256,
    fractional_supply_nex,
    mint_transaction_id,
    latest_transaction_id,
    origin_document_id,
    metadata_json,
    minted_at,
    locked_until,
    last_transferred_at,
    created_at,
    updated_at
) VALUES (
    '30000000-0000-4000-8000-000000000613',
    '30000000-0000-4000-8000-000000000612',
    '10000000-0000-4000-8000-000000000401',
    '10000000-0000-4000-8000-000000000402',
    '20000000-0000-4000-8000-000000000402',
    'DIGITAL',
    'SMART-LIVING-TOKEN-01',
    '1',
    'TRANSFERRED'::digital_asset_status_enum,
    'PROPERTY_FRACTION',
    'https://metadata.nexora.local/digital/smart-living/1.json',
    'https://cdn.nexora.local/digital/smart-living/1.png',
    '9999999999999999999999999999999999999999999999999999999999999999',
    250.00000000,
    NULL,
    NULL,
    '30000000-0000-4000-8000-000000000611',
    '{"fractional_class":"A","property_link":"SP-SMART-LIVING-01"}'::JSONB,
    TIMESTAMPTZ '2026-04-21 15:13:00+00',
    NULL,
    TIMESTAMPTZ '2026-04-22 10:05:00+00',
    TIMESTAMPTZ '2026-04-21 15:13:00+00',
    TIMESTAMPTZ '2026-04-22 10:05:00+00'
) ON CONFLICT (digital_asset_id) DO NOTHING;

INSERT INTO digital_asset_events (
    digital_asset_event_id,
    digital_asset_id,
    actor_user_id,
    wallet_id,
    transaction_id,
    document_id,
    event_type,
    gross_amount_brl,
    royalty_amount_brl,
    gross_amount_nex,
    notes,
    event_payload_json,
    occurred_at
) VALUES (
    '30000000-0000-4000-8000-000000000614',
    '30000000-0000-4000-8000-000000000613',
    '10000000-0000-4000-8000-000000000401',
    '20000000-0000-4000-8000-000000000401',
    NULL,
    '30000000-0000-4000-8000-000000000611',
    'ROYALTY_ACCRUED'::digital_asset_event_type_enum,
    250.0000,
    12.5000,
    0.00000000,
    'Royalty calculado na transferencia do ativo fracionado.',
    '{"collector_user_id":"10000000-0000-4000-8000-000000000402","bps":750}'::JSONB,
    TIMESTAMPTZ '2026-04-22 10:06:00+00'
) ON CONFLICT (digital_asset_event_id) DO NOTHING;

INSERT INTO real_estate_properties (
    property_id,
    owner_user_id,
    wallet_id,
    module_code,
    property_code,
    property_status,
    property_type,
    title,
    address_json,
    geolocation_json,
    appraisal_value_brl,
    target_fractional_supply_nex,
    bedroom_count,
    bathroom_count,
    area_sqm,
    tokenized_asset_id,
    legal_contract_id,
    document_id,
    occupancy_notes,
    created_at,
    updated_at
) VALUES (
    '30000000-0000-4000-8000-000000000617',
    '10000000-0000-4000-8000-000000000401',
    '20000000-0000-4000-8000-000000000401',
    'REAL_ESTATE',
    'SP_SMART_LIVING_01',
    'SOLD'::real_estate_property_status_enum,
    'APARTMENT'::real_estate_property_type_enum,
    'Apartamento Smart Living Faria Lima',
    '{"street":"Rua Pais Leme","number":"215","city":"Sao Paulo","state":"SP"}'::JSONB,
    '{"lat":-23.5688,"lng":-46.6932}'::JSONB,
    450000.0000,
    9000.00000000,
    2,
    2,
    82.5000,
    '30000000-0000-4000-8000-000000000613',
    '30000000-0000-4000-8000-000000000616',
    '30000000-0000-4000-8000-000000000615',
    'Imovel entregue com automacao residencial homologada.',
    TIMESTAMPTZ '2026-04-22 09:35:00+00',
    TIMESTAMPTZ '2026-04-22 10:05:00+00'
) ON CONFLICT (property_id) DO NOTHING;

INSERT INTO real_estate_listings (
    listing_id,
    property_id,
    seller_user_id,
    wallet_id,
    module_code,
    listing_code,
    listing_type,
    listing_status,
    asking_price_brl,
    reserve_price_brl,
    security_deposit_brl,
    fractional_lot_nex,
    channel_code,
    marketing_json,
    availability_start_at,
    availability_end_at,
    created_at,
    updated_at
) VALUES (
    '30000000-0000-4000-8000-000000000618',
    '30000000-0000-4000-8000-000000000617',
    '10000000-0000-4000-8000-000000000401',
    '20000000-0000-4000-8000-000000000401',
    'REAL_ESTATE',
    'RE-LIST-001',
    'FRACTIONAL_SALE'::real_estate_listing_type_enum,
    'CLOSED'::real_estate_listing_status_enum,
    440000.0000,
    430000.0000,
    10000.0000,
    250.00000000,
    'NEXORA_MARKET',
    '{"headline":"smart_living_prime","target":"investor"}'::JSONB,
    TIMESTAMPTZ '2026-04-22 09:40:00+00',
    TIMESTAMPTZ '2026-04-22 10:05:00+00',
    TIMESTAMPTZ '2026-04-22 09:40:00+00',
    TIMESTAMPTZ '2026-04-22 10:05:00+00'
) ON CONFLICT (listing_id) DO NOTHING;

INSERT INTO real_estate_deals (
    deal_id,
    property_id,
    listing_id,
    seller_user_id,
    buyer_user_id,
    wallet_id,
    module_code,
    transaction_id,
    legal_contract_id,
    deal_status,
    purchase_price_brl,
    purchase_price_nex,
    escrow_amount_brl,
    commission_brl,
    due_diligence_deadline_at,
    signed_at,
    closed_at,
    cancelled_at,
    deal_notes,
    metadata_json,
    created_at,
    updated_at
) VALUES (
    '30000000-0000-4000-8000-000000000620',
    '30000000-0000-4000-8000-000000000617',
    '30000000-0000-4000-8000-000000000618',
    '10000000-0000-4000-8000-000000000401',
    '10000000-0000-4000-8000-000000000402',
    '20000000-0000-4000-8000-000000000401',
    'REAL_ESTATE',
    '30000000-0000-4000-8000-000000000619',
    '30000000-0000-4000-8000-000000000616',
    'CLOSED'::real_estate_deal_status_enum,
    435000.0000,
    0.00000000,
    10000.0000,
    13050.0000,
    TIMESTAMPTZ '2026-04-24 18:00:00+00',
    TIMESTAMPTZ '2026-04-22 09:55:00+00',
    TIMESTAMPTZ '2026-04-22 10:05:00+00',
    NULL,
    'Deal encerrado com ativo digital vinculado ao imovel.',
    '{"funding_mode":"brl","tokenized_asset":"SMART-LIVING-TOKEN-01"}'::JSONB,
    TIMESTAMPTZ '2026-04-22 09:50:00+00',
    TIMESTAMPTZ '2026-04-22 10:05:00+00'
) ON CONFLICT (deal_id) DO NOTHING;

INSERT INTO insurance_products (
    insurance_product_id,
    issuer_user_id,
    wallet_id,
    module_code,
    product_code,
    product_status,
    product_name,
    coverage_category,
    premium_brl,
    deductible_brl,
    coverage_limit_brl,
    waiting_period_days,
    rule_id,
    terms_contract_id,
    metadata_json,
    created_at,
    updated_at
) VALUES (
    '30000000-0000-4000-8000-000000000623',
    '10000000-0000-4000-8000-000000000401',
    '20000000-0000-4000-8000-000000000401',
    'INSURANCE',
    'PROPERTY_SHIELD_01',
    'ACTIVE'::insurance_product_status_enum,
    'Property Shield Prime',
    'PROPERTY_PROTECTION',
    39.9000,
    500.0000,
    500000.0000,
    7,
    NULL,
    '30000000-0000-4000-8000-000000000622',
    '{"underwriting":"standard","anti_fraud":"enhanced"}'::JSONB,
    TIMESTAMPTZ '2026-04-22 10:35:00+00',
    TIMESTAMPTZ '2026-04-22 10:35:00+00'
) ON CONFLICT (insurance_product_id) DO NOTHING;

INSERT INTO insurance_policies (
    policy_id,
    insurance_product_id,
    policyholder_user_id,
    beneficiary_user_id,
    wallet_id,
    module_code,
    policy_number,
    policy_status,
    premium_transaction_id,
    legal_contract_id,
    insured_asset_type,
    insured_asset_id,
    coverage_start_at,
    coverage_end_at,
    monthly_premium_brl,
    coverage_limit_brl,
    risk_score,
    metadata_json,
    created_at,
    updated_at
) VALUES (
    '30000000-0000-4000-8000-000000000625',
    '30000000-0000-4000-8000-000000000623',
    '10000000-0000-4000-8000-000000000402',
    '10000000-0000-4000-8000-000000000402',
    '20000000-0000-4000-8000-000000000402',
    'INSURANCE',
    'POL-SMART-0001',
    'ACTIVE'::insurance_policy_status_enum,
    '30000000-0000-4000-8000-000000000624',
    '30000000-0000-4000-8000-000000000622',
    'REAL_ESTATE_PROPERTY',
    '30000000-0000-4000-8000-000000000617',
    TIMESTAMPTZ '2026-04-22 11:00:00+00',
    TIMESTAMPTZ '2027-04-22 11:00:00+00',
    39.9000,
    500000.0000,
    0.1800,
    '{"insured_city":"Sao Paulo","claim_channel":"digital_first"}'::JSONB,
    TIMESTAMPTZ '2026-04-22 11:00:00+00',
    TIMESTAMPTZ '2026-04-22 11:01:00+00'
) ON CONFLICT (policy_id) DO NOTHING;

INSERT INTO insurance_claims (
    claim_id,
    policy_id,
    claimant_user_id,
    wallet_id,
    module_code,
    claim_code,
    claim_status,
    security_incident_id,
    mobility_trip_id,
    delivery_shipment_id,
    document_id,
    payout_transaction_id,
    claimed_amount_brl,
    approved_amount_brl,
    rejected_reason,
    metadata_json,
    submitted_at,
    resolved_at,
    created_at,
    updated_at
) VALUES (
    '30000000-0000-4000-8000-000000000627',
    '30000000-0000-4000-8000-000000000625',
    '10000000-0000-4000-8000-000000000402',
    '20000000-0000-4000-8000-000000000402',
    'INSURANCE',
    'CLM-PROP-0001',
    'PAID'::insurance_claim_status_enum,
    NULL,
    NULL,
    NULL,
    '30000000-0000-4000-8000-000000000629',
    '30000000-0000-4000-8000-000000000626',
    9200.0000,
    8500.0000,
    NULL,
    '{"cause":"electrical_surge","severity":"moderate"}'::JSONB,
    TIMESTAMPTZ '2026-04-24 12:00:00+00',
    TIMESTAMPTZ '2026-04-25 10:02:00+00',
    TIMESTAMPTZ '2026-04-24 12:00:00+00',
    TIMESTAMPTZ '2026-04-25 10:02:00+00'
) ON CONFLICT (claim_id) DO NOTHING;

INSERT INTO insurance_claim_events (
    claim_event_id,
    claim_id,
    actor_user_id,
    document_id,
    event_type,
    event_amount_brl,
    details_json,
    occurred_at
) VALUES (
    '30000000-0000-4000-8000-000000000628',
    '30000000-0000-4000-8000-000000000627',
    '10000000-0000-4000-8000-000000000401',
    '30000000-0000-4000-8000-000000000629',
    'PAID'::insurance_claim_event_type_enum,
    8500.0000,
    '{"settlement_ref":"TX-COM-INS-PAYOUT-001","decision":"approved"}'::JSONB,
    TIMESTAMPTZ '2026-04-25 10:02:00+00'
) ON CONFLICT (claim_event_id) DO NOTHING;

-- Seed MVP do Dropshipping Inteligente conectado a STOCK, WMS e MARKETPLACE.
INSERT INTO dropshipping_provider_configs (
    provider_config_id,
    owner_user_id,
    supplier_id,
    provider_code,
    provider_role,
    config_status,
    environment,
    site_code,
    auth_mode,
    base_url,
    client_id,
    secret_ref,
    access_token_ref,
    refresh_token_ref,
    seller_store_id,
    webhook_url,
    webhook_secret_ref,
    scopes,
    sync_catalog_enabled,
    sync_orders_enabled,
    sync_inventory_enabled,
    sync_pricing_enabled,
    allow_scraping_fallback,
    block_external_ai_lookup,
    cache_ttl_minutes,
    sync_cadence_minutes,
    margin_floor_rate,
    rate_limit_per_minute,
    last_health_status,
    last_health_at,
    metadata_json,
    created_at,
    updated_at
) VALUES
    (
        '30000000-0000-4000-8000-000000000901',
        '10000000-0000-4000-8000-000000000401',
        NULL,
        'MERCADO_LIVRE'::dropshipping_provider_code_enum,
        'MARKETPLACE_PRICE'::dropshipping_provider_role_enum,
        'ACTIVE'::dropshipping_runtime_status_enum,
        'sandbox',
        'MLB',
        'oauth2',
        'https://api.mercadolibre.com',
        'mlb-app-key-placeholder',
        'vault/marketplaces/mercado_livre/client-secret',
        'vault/marketplaces/mercado_livre/access-token',
        'vault/marketplaces/mercado_livre/refresh-token',
        'VALLEY-MLB-STORE-001',
        '/webhooks/marketplaces/mercado_livre',
        'vault/marketplaces/mercado_livre/webhook-secret',
        'catalog,orders,pricing,inventory,settlement',
        FALSE,
        FALSE,
        FALSE,
        TRUE,
        FALSE,
        TRUE,
        20,
        30,
        0.1200,
        60,
        'healthy',
        TIMESTAMPTZ '2026-04-21 16:00:00+00',
        '{"role":"benchmark_price","ai_external_lookup":"blocked"}'::JSONB,
        TIMESTAMPTZ '2026-04-21 16:00:00+00',
        TIMESTAMPTZ '2026-04-21 16:00:00+00'
    ),
    (
        '30000000-0000-4000-8000-000000000902',
        '10000000-0000-4000-8000-000000000401',
        NULL,
        'AMAZON'::dropshipping_provider_code_enum,
        'MARKETPLACE_PRICE'::dropshipping_provider_role_enum,
        'ACTIVE'::dropshipping_runtime_status_enum,
        'sandbox',
        'BR',
        'oauth2',
        'https://sellingpartnerapi-na.amazon.com',
        'amazon-app-key-placeholder',
        'vault/marketplaces/amazon/client-secret',
        'vault/marketplaces/amazon/access-token',
        'vault/marketplaces/amazon/refresh-token',
        'VALLEY-AMZ-STORE-001',
        '/webhooks/marketplaces/amazon',
        'vault/marketplaces/amazon/webhook-secret',
        'catalog,orders,pricing,inventory,settlement',
        FALSE,
        FALSE,
        FALSE,
        TRUE,
        FALSE,
        TRUE,
        20,
        30,
        0.1200,
        60,
        'configured',
        TIMESTAMPTZ '2026-04-21 16:00:00+00',
        '{"role":"benchmark_price","ai_external_lookup":"blocked"}'::JSONB,
        TIMESTAMPTZ '2026-04-21 16:00:00+00',
        TIMESTAMPTZ '2026-04-21 16:00:00+00'
    ),
    (
        '30000000-0000-4000-8000-000000000903',
        '10000000-0000-4000-8000-000000000401',
        '30000000-0000-4000-8000-000000000404',
        'ALIEXPRESS'::dropshipping_provider_code_enum,
        'SUPPLIER_API'::dropshipping_provider_role_enum,
        'ACTIVE'::dropshipping_runtime_status_enum,
        'sandbox',
        'GLOBAL',
        'app_key_secret',
        'https://api-sg.aliexpress.com',
        'aliexpress-app-key-placeholder',
        'vault/marketplaces/aliexpress/client-secret',
        'vault/marketplaces/aliexpress/access-token',
        'vault/marketplaces/aliexpress/refresh-token',
        'VALLEY-AE-SUP-001',
        '/webhooks/marketplaces/aliexpress',
        'vault/marketplaces/aliexpress/webhook-secret',
        'catalog,orders,pricing,inventory,settlement',
        TRUE,
        TRUE,
        TRUE,
        TRUE,
        FALSE,
        TRUE,
        20,
        30,
        0.1200,
        60,
        'healthy',
        TIMESTAMPTZ '2026-04-21 16:00:00+00',
        '{"role":"supplier_api","ai_external_lookup":"blocked"}'::JSONB,
        TIMESTAMPTZ '2026-04-21 16:00:00+00',
        TIMESTAMPTZ '2026-04-21 16:00:00+00'
    ),
    (
        '30000000-0000-4000-8000-000000000904',
        '10000000-0000-4000-8000-000000000401',
        '30000000-0000-4000-8000-000000000404',
        'ALIBABA'::dropshipping_provider_code_enum,
        'SUPPLIER_API'::dropshipping_provider_role_enum,
        'ACTIVE'::dropshipping_runtime_status_enum,
        'sandbox',
        'GLOBAL',
        'app_key_secret',
        'https://openapi.alibaba.com',
        'alibaba-app-key-placeholder',
        'vault/marketplaces/alibaba/client-secret',
        'vault/marketplaces/alibaba/access-token',
        'vault/marketplaces/alibaba/refresh-token',
        'VALLEY-ALIBABA-SUP-001',
        '/webhooks/marketplaces/alibaba',
        'vault/marketplaces/alibaba/webhook-secret',
        'catalog,orders,pricing,inventory,settlement',
        TRUE,
        TRUE,
        TRUE,
        TRUE,
        FALSE,
        TRUE,
        20,
        30,
        0.1200,
        60,
        'configured',
        TIMESTAMPTZ '2026-04-21 16:00:00+00',
        '{"role":"supplier_api","ai_external_lookup":"blocked"}'::JSONB,
        TIMESTAMPTZ '2026-04-21 16:00:00+00',
        TIMESTAMPTZ '2026-04-21 16:00:00+00'
    ),
    (
        '30000000-0000-4000-8000-000000000905',
        '10000000-0000-4000-8000-000000000401',
        NULL,
        'MAGALU'::dropshipping_provider_code_enum,
        'MARKETPLACE_PRICE'::dropshipping_provider_role_enum,
        'ACTIVE'::dropshipping_runtime_status_enum,
        'sandbox',
        'BR',
        'token',
        'https://api.magalu.com',
        'magalu-app-key-placeholder',
        'vault/marketplaces/magalu/client-secret',
        'vault/marketplaces/magalu/access-token',
        'vault/marketplaces/magalu/refresh-token',
        'VALLEY-MAGALU-STORE-001',
        '/webhooks/marketplaces/magalu',
        'vault/marketplaces/magalu/webhook-secret',
        'catalog,orders,pricing,inventory,settlement',
        FALSE,
        FALSE,
        FALSE,
        TRUE,
        FALSE,
        TRUE,
        20,
        30,
        0.1200,
        60,
        'configured',
        TIMESTAMPTZ '2026-04-21 16:00:00+00',
        '{"role":"benchmark_price","ai_external_lookup":"blocked"}'::JSONB,
        TIMESTAMPTZ '2026-04-21 16:00:00+00',
        TIMESTAMPTZ '2026-04-21 16:00:00+00'
    ),
    (
        '30000000-0000-4000-8000-000000000906',
        '10000000-0000-4000-8000-000000000401',
        '30000000-0000-4000-8000-000000000404',
        'CJDROPSHIPPING'::dropshipping_provider_code_enum,
        'SUPPLIER_API'::dropshipping_provider_role_enum,
        'ACTIVE'::dropshipping_runtime_status_enum,
        'sandbox',
        'GLOBAL',
        'token',
        'https://developers.cjdropshipping.com',
        'cj-app-key-placeholder',
        'vault/marketplaces/cjdropshipping/client-secret',
        'vault/marketplaces/cjdropshipping/access-token',
        'vault/marketplaces/cjdropshipping/refresh-token',
        'VALLEY-CJ-SUP-001',
        '/webhooks/marketplaces/cjdropshipping',
        'vault/marketplaces/cjdropshipping/webhook-secret',
        'catalog,orders,pricing,inventory,settlement',
        TRUE,
        TRUE,
        TRUE,
        TRUE,
        FALSE,
        TRUE,
        20,
        30,
        0.1200,
        60,
        'configured',
        TIMESTAMPTZ '2026-04-21 16:00:00+00',
        '{"role":"supplier_api","ai_external_lookup":"blocked"}'::JSONB,
        TIMESTAMPTZ '2026-04-21 16:00:00+00',
        TIMESTAMPTZ '2026-04-21 16:00:00+00'
    ),
    (
        '30000000-0000-4000-8000-000000000907',
        '10000000-0000-4000-8000-000000000401',
        NULL,
        'SHOPEE'::dropshipping_provider_code_enum,
        'MARKETPLACE_PRICE'::dropshipping_provider_role_enum,
        'ACTIVE'::dropshipping_runtime_status_enum,
        'sandbox',
        'BR',
        'app_key_secret',
        'https://partner.shopeemobile.com',
        'shopee-app-key-placeholder',
        'vault/marketplaces/shopee/client-secret',
        'vault/marketplaces/shopee/access-token',
        'vault/marketplaces/shopee/refresh-token',
        'VALLEY-SHOPEE-STORE-001',
        '/webhooks/marketplaces/shopee',
        'vault/marketplaces/shopee/webhook-secret',
        'catalog,orders,pricing,inventory,settlement',
        FALSE,
        FALSE,
        FALSE,
        TRUE,
        FALSE,
        TRUE,
        20,
        30,
        0.1200,
        60,
        'configured',
        TIMESTAMPTZ '2026-04-21 16:00:00+00',
        '{"role":"benchmark_price","ai_external_lookup":"blocked"}'::JSONB,
        TIMESTAMPTZ '2026-04-21 16:00:00+00',
        TIMESTAMPTZ '2026-04-21 16:00:00+00'
    )
ON CONFLICT (provider_config_id) DO UPDATE SET
    config_status = EXCLUDED.config_status,
    base_url = EXCLUDED.base_url,
    secret_ref = EXCLUDED.secret_ref,
    access_token_ref = EXCLUDED.access_token_ref,
    refresh_token_ref = EXCLUDED.refresh_token_ref,
    webhook_url = EXCLUDED.webhook_url,
    webhook_secret_ref = EXCLUDED.webhook_secret_ref,
    sync_catalog_enabled = EXCLUDED.sync_catalog_enabled,
    sync_orders_enabled = EXCLUDED.sync_orders_enabled,
    sync_inventory_enabled = EXCLUDED.sync_inventory_enabled,
    sync_pricing_enabled = EXCLUDED.sync_pricing_enabled,
    allow_scraping_fallback = EXCLUDED.allow_scraping_fallback,
    block_external_ai_lookup = EXCLUDED.block_external_ai_lookup,
    cache_ttl_minutes = EXCLUDED.cache_ttl_minutes,
    sync_cadence_minutes = EXCLUDED.sync_cadence_minutes,
    margin_floor_rate = EXCLUDED.margin_floor_rate,
    last_health_status = EXCLUDED.last_health_status,
    last_health_at = EXCLUDED.last_health_at,
    metadata_json = EXCLUDED.metadata_json,
    updated_at = EXCLUDED.updated_at;

INSERT INTO dropshipping_product_sources (
    product_source_id,
    owner_user_id,
    item_id,
    supplier_id,
    provider_config_id,
    supplier_product_id,
    supplier_variant_id,
    source_sku,
    source_status,
    cost_price_brl,
    minimum_price_brl,
    current_supplier_stock,
    lead_time_days,
    weight_kg,
    dimensions_json,
    variation_json,
    image_refs_json,
    auto_disable_enabled,
    last_synced_at,
    failure_count,
    metadata_json,
    created_at,
    updated_at
) VALUES (
    '30000000-0000-4000-8000-000000000908',
    '10000000-0000-4000-8000-000000000401',
    '30000000-0000-4000-8000-000000000601',
    '30000000-0000-4000-8000-000000000404',
    '30000000-0000-4000-8000-000000000903',
    'AE-HUB-COM-001',
    'AE-HUB-COM-001-GRAPHITE',
    'AE-HUB-COM-001-GRAPHITE',
    'ACTIVE'::dropshipping_runtime_status_enum,
    111.0000,
    139.9000,
    250.0000,
    9,
    0.8500,
    '{"height_cm":8,"width_cm":12,"depth_cm":12}'::JSONB,
    '{"color":"graphite","plug":"BR"}'::JSONB,
    '["s3://valley-catalog/smart-hub-01/front.png"]'::JSONB,
    TRUE,
    TIMESTAMPTZ '2026-04-21 16:05:00+00',
    0,
    '{"source":"valley_dropshipping_blueprint","external_ai_lookup":"blocked"}'::JSONB,
    TIMESTAMPTZ '2026-04-21 16:05:00+00',
    TIMESTAMPTZ '2026-04-21 16:05:00+00'
) ON CONFLICT (product_source_id) DO UPDATE SET
    source_status = EXCLUDED.source_status,
    cost_price_brl = EXCLUDED.cost_price_brl,
    minimum_price_brl = EXCLUDED.minimum_price_brl,
    current_supplier_stock = EXCLUDED.current_supplier_stock,
    lead_time_days = EXCLUDED.lead_time_days,
    last_synced_at = EXCLUDED.last_synced_at,
    failure_count = EXCLUDED.failure_count,
    metadata_json = EXCLUDED.metadata_json,
    updated_at = EXCLUDED.updated_at;

INSERT INTO dropshipping_market_price_snapshots (
    market_price_snapshot_id,
    owner_user_id,
    item_id,
    listing_id,
    provider_config_id,
    marketplace_code,
    external_listing_id,
    matched_title,
    matched_url,
    price_brl,
    freight_price_brl,
    match_score,
    source_type,
    cache_hit,
    response_latency_ms,
    captured_at,
    metadata_json
) VALUES (
    '30000000-0000-4000-8000-000000000909',
    '10000000-0000-4000-8000-000000000401',
    '30000000-0000-4000-8000-000000000601',
    '30000000-0000-4000-8000-000000000603',
    '30000000-0000-4000-8000-000000000901',
    'MERCADO_LIVRE'::dropshipping_provider_code_enum,
    'MLB-VALLEY-BENCH-001',
    'Hub comercial inteligente similar',
    'https://api.mercadolibre.com/items/MLB-VALLEY-BENCH-001',
    179.9000,
    0.0000,
    91.5000,
    'API'::dropshipping_source_type_enum,
    FALSE,
    240,
    TIMESTAMPTZ '2026-04-21 16:06:00+00',
    '{"cache_ttl_minutes":20,"source":"official_api","external_ai_lookup":"blocked"}'::JSONB
) ON CONFLICT (market_price_snapshot_id) DO NOTHING;

INSERT INTO dropshipping_pricing_decisions (
    pricing_decision_id,
    owner_user_id,
    item_id,
    listing_id,
    product_source_id,
    evidence_snapshot_id,
    decision_action,
    previous_price_brl,
    decided_price_brl,
    minimum_price_brl,
    lowest_market_price_brl,
    delta_brl,
    target_margin_brl,
    decision_reason,
    created_at,
    metadata_json
) VALUES (
    '30000000-0000-4000-8000-000000000910',
    '10000000-0000-4000-8000-000000000401',
    '30000000-0000-4000-8000-000000000601',
    '30000000-0000-4000-8000-000000000603',
    '30000000-0000-4000-8000-000000000908',
    '30000000-0000-4000-8000-000000000909',
    'UPDATE_PRICE'::dropshipping_decision_action_enum,
    189.9000,
    169.9000,
    139.9000,
    179.9000,
    10.0000,
    30.0000,
    'Preco Valley fica abaixo do benchmark sem violar margem minima.',
    TIMESTAMPTZ '2026-04-21 16:07:00+00',
    '{"rule":"BR-STOCK-DROP-001","decision":"competitive_without_loss"}'::JSONB
) ON CONFLICT (pricing_decision_id) DO NOTHING;

INSERT INTO dropshipping_jobs (
    dropshipping_job_id,
    owner_user_id,
    job_type,
    job_status,
    idempotency_key,
    payload_json,
    result_json,
    retries,
    max_retries,
    scheduled_at,
    started_at,
    finished_at,
    created_at,
    updated_at
) VALUES (
    '30000000-0000-4000-8000-000000000911',
    '10000000-0000-4000-8000-000000000401',
    'REPRICE'::dropshipping_job_type_enum,
    'SUCCEEDED'::dropshipping_job_status_enum,
    'drop-reprice-smart-hub-20260421T1607Z',
    '{"provider_config_id":"30000000-0000-4000-8000-000000000901","item_id":"30000000-0000-4000-8000-000000000601"}'::JSONB,
    '{"pricing_decision_id":"30000000-0000-4000-8000-000000000910","action":"UPDATE_PRICE"}'::JSONB,
    0,
    5,
    TIMESTAMPTZ '2026-04-21 16:07:00+00',
    TIMESTAMPTZ '2026-04-21 16:07:03+00',
    TIMESTAMPTZ '2026-04-21 16:07:08+00',
    TIMESTAMPTZ '2026-04-21 16:07:00+00',
    TIMESTAMPTZ '2026-04-21 16:07:08+00'
) ON CONFLICT (dropshipping_job_id) DO UPDATE SET
    job_status = EXCLUDED.job_status,
    result_json = EXCLUDED.result_json,
    retries = EXCLUDED.retries,
    started_at = EXCLUDED.started_at,
    finished_at = EXCLUDED.finished_at,
    updated_at = EXCLUDED.updated_at;

COMMIT;
