-- Valley Hybrid DB Seed - Expansion tourism, bio e energy.
-- Este seed e idempotente e cria um conjunto minimo de dados operacionais para demo e smoke check.
-- Ele nao altera o manifesto de migrations; existe apenas para validar o runtime dos modulos novos.

BEGIN;

SET search_path = public;

INSERT INTO users (
    user_id,
    user_kind,
    account_status,
    kyc_status,
    full_name,
    display_name,
    email,
    phone_e164,
    birth_date,
    document_country,
    document_type,
    document_number,
    nationality,
    tax_residence_country,
    primary_role,
    module_tier,
    terms_accepted_at,
    privacy_accepted_at,
    created_at,
    updated_at
)
VALUES
    (
        '10000000-0000-4000-8000-000000000001',
        'PJ',
        'ACTIVE',
        'APPROVED',
        'Valley Turismo Operacoes Ltda',
        'Valley Turismo',
        'tourism.owner@valley.local',
        '+5511990000001',
        NULL,
        'BR',
        'CNPJ',
        '90000000000001',
        NULL,
        'BR',
        'TOURISM_OWNER',
        'EXPANSION',
        TIMESTAMPTZ '2026-04-20 12:00:00+00',
        TIMESTAMPTZ '2026-04-20 12:00:00+00',
        TIMESTAMPTZ '2026-04-20 12:00:00+00',
        TIMESTAMPTZ '2026-04-20 12:00:00+00'
    ),
    (
        '10000000-0000-4000-8000-000000000002',
        'PF',
        'ACTIVE',
        'APPROVED',
        'Clara Exploradora',
        'Clara',
        'clara.exploradora@valley.local',
        '+5511990000002',
        DATE '1992-05-17',
        'BR',
        'CPF',
        '90000000002',
        'BR',
        'BR',
        'TRAVELER_FITNESS_USER',
        'EXPANSION',
        TIMESTAMPTZ '2026-04-20 12:00:00+00',
        TIMESTAMPTZ '2026-04-20 12:00:00+00',
        TIMESTAMPTZ '2026-04-20 12:00:00+00',
        TIMESTAMPTZ '2026-04-20 12:00:00+00'
    ),
    (
        '10000000-0000-4000-8000-000000000003',
        'PJ',
        'ACTIVE',
        'APPROVED',
        'Valley Bio Circular SPE Ltda',
        'Valley Bio',
        'bio.operator@valley.local',
        '+5511990000003',
        NULL,
        'BR',
        'CNPJ',
        '90000000000003',
        NULL,
        'BR',
        'BIO_OPERATOR',
        'EXPANSION',
        TIMESTAMPTZ '2026-04-20 12:00:00+00',
        TIMESTAMPTZ '2026-04-20 12:00:00+00',
        TIMESTAMPTZ '2026-04-20 12:00:00+00',
        TIMESTAMPTZ '2026-04-20 12:00:00+00'
    ),
    (
        '10000000-0000-4000-8000-000000000004',
        'PJ',
        'ACTIVE',
        'APPROVED',
        'Valley Energy Grid SPE Ltda',
        'Valley Energy',
        'energy.operator@valley.local',
        '+5511990000004',
        NULL,
        'BR',
        'CNPJ',
        '90000000000004',
        NULL,
        'BR',
        'ENERGY_OPERATOR',
        'EXPANSION',
        TIMESTAMPTZ '2026-04-20 12:00:00+00',
        TIMESTAMPTZ '2026-04-20 12:00:00+00',
        TIMESTAMPTZ '2026-04-20 12:00:00+00',
        TIMESTAMPTZ '2026-04-20 12:00:00+00'
    ),
    (
        '10000000-0000-4000-8000-000000000005',
        'PF',
        'ACTIVE',
        'APPROVED',
        'Rafael Guia',
        'Rafa Guia',
        'guide.rafael@valley.local',
        '+5511990000005',
        DATE '1989-08-02',
        'BR',
        'CPF',
        '90000000005',
        'BR',
        'BR',
        'TOUR_GUIDE',
        'EXPANSION',
        TIMESTAMPTZ '2026-04-20 12:00:00+00',
        TIMESTAMPTZ '2026-04-20 12:00:00+00',
        TIMESTAMPTZ '2026-04-20 12:00:00+00',
        TIMESTAMPTZ '2026-04-20 12:00:00+00'
    ),
    (
        '10000000-0000-4000-8000-000000000006',
        'PF',
        'ACTIVE',
        'APPROVED',
        'Marina Casa Inteligente',
        'Marina Home',
        'marina.home@valley.local',
        '+5511990000006',
        DATE '1994-11-21',
        'BR',
        'CPF',
        '90000000006',
        'BR',
        'BR',
        'HOME_ENERGY_USER',
        'EXPANSION',
        TIMESTAMPTZ '2026-04-20 12:00:00+00',
        TIMESTAMPTZ '2026-04-20 12:00:00+00',
        TIMESTAMPTZ '2026-04-20 12:00:00+00',
        TIMESTAMPTZ '2026-04-20 12:00:00+00'
    )
ON CONFLICT (user_id) DO UPDATE SET
    account_status = EXCLUDED.account_status,
    kyc_status = EXCLUDED.kyc_status,
    full_name = EXCLUDED.full_name,
    display_name = EXCLUDED.display_name,
    email = EXCLUDED.email,
    phone_e164 = EXCLUDED.phone_e164,
    birth_date = EXCLUDED.birth_date,
    nationality = EXCLUDED.nationality,
    tax_residence_country = EXCLUDED.tax_residence_country,
    primary_role = EXCLUDED.primary_role,
    module_tier = EXCLUDED.module_tier,
    terms_accepted_at = EXCLUDED.terms_accepted_at,
    privacy_accepted_at = EXCLUDED.privacy_accepted_at,
    updated_at = EXCLUDED.updated_at;

INSERT INTO wallets (
    wallet_id,
    user_id,
    wallet_type,
    asset_code,
    wallet_status,
    balance_available_brl,
    balance_blocked_brl,
    balance_pending_brl,
    balance_available_nex,
    balance_blocked_nex,
    balance_pending_nex,
    daily_limit_brl,
    monthly_limit_brl,
    created_at,
    updated_at
)
VALUES
    (
        '20000000-0000-4000-8000-000000000001',
        '10000000-0000-4000-8000-000000000001',
        'CUSTODIAL',
        'BRL',
        'ACTIVE',
        2500.0000,
        0,
        0,
        0,
        0,
        0,
        1500.0000,
        25000.0000,
        TIMESTAMPTZ '2026-04-20 12:00:00+00',
        TIMESTAMPTZ '2026-04-20 12:00:00+00'
    ),
    (
        '20000000-0000-4000-8000-000000000002',
        '10000000-0000-4000-8000-000000000002',
        'CUSTODIAL',
        'BRL',
        'ACTIVE',
        1200.0000,
        0,
        0,
        0,
        0,
        0,
        800.0000,
        10000.0000,
        TIMESTAMPTZ '2026-04-20 12:00:00+00',
        TIMESTAMPTZ '2026-04-20 12:00:00+00'
    ),
    (
        '20000000-0000-4000-8000-000000000003',
        '10000000-0000-4000-8000-000000000003',
        'CUSTODIAL',
        'BRL',
        'ACTIVE',
        3000.0000,
        0,
        0,
        0,
        0,
        0,
        2000.0000,
        30000.0000,
        TIMESTAMPTZ '2026-04-20 12:00:00+00',
        TIMESTAMPTZ '2026-04-20 12:00:00+00'
    ),
    (
        '20000000-0000-4000-8000-000000000004',
        '10000000-0000-4000-8000-000000000004',
        'CUSTODIAL',
        'BRL',
        'ACTIVE',
        8000.0000,
        0,
        0,
        0,
        0,
        0,
        4000.0000,
        50000.0000,
        TIMESTAMPTZ '2026-04-20 12:00:00+00',
        TIMESTAMPTZ '2026-04-20 12:00:00+00'
    ),
    (
        '20000000-0000-4000-8000-000000000005',
        '10000000-0000-4000-8000-000000000004',
        'CUSTODIAL',
        'NEX',
        'ACTIVE',
        0,
        0,
        0,
        25.00000000,
        0,
        0,
        0,
        0,
        TIMESTAMPTZ '2026-04-20 12:00:00+00',
        TIMESTAMPTZ '2026-04-20 12:00:00+00'
    ),
    (
        '20000000-0000-4000-8000-000000000006',
        '10000000-0000-4000-8000-000000000006',
        'CUSTODIAL',
        'BRL',
        'ACTIVE',
        1500.0000,
        0,
        0,
        0,
        0,
        0,
        900.0000,
        12000.0000,
        TIMESTAMPTZ '2026-04-20 12:00:00+00',
        TIMESTAMPTZ '2026-04-20 12:00:00+00'
    )
ON CONFLICT (wallet_id) DO UPDATE SET
    wallet_status = EXCLUDED.wallet_status,
    balance_available_brl = EXCLUDED.balance_available_brl,
    balance_blocked_brl = EXCLUDED.balance_blocked_brl,
    balance_pending_brl = EXCLUDED.balance_pending_brl,
    balance_available_nex = EXCLUDED.balance_available_nex,
    balance_blocked_nex = EXCLUDED.balance_blocked_nex,
    balance_pending_nex = EXCLUDED.balance_pending_nex,
    daily_limit_brl = EXCLUDED.daily_limit_brl,
    monthly_limit_brl = EXCLUDED.monthly_limit_brl,
    updated_at = EXCLUDED.updated_at;

INSERT INTO tourism_experiences (
    experience_id,
    owner_user_id,
    wallet_id,
    module_code,
    experience_code,
    experience_status,
    experience_kind,
    title,
    summary,
    base_price_brl,
    deposit_brl,
    capacity_total,
    duration_minutes,
    city_code,
    meeting_point_json,
    route_snapshot_json,
    available_from,
    available_until,
    ops_notes,
    created_at,
    updated_at
)
VALUES (
    '30000000-0000-4000-8000-000000000001',
    '10000000-0000-4000-8000-000000000001',
    '20000000-0000-4000-8000-000000000001',
    'TOURISM',
    'TOURISM_EXP_01',
    'ACTIVE',
    'TOUR',
    'Centro Historico Guiado',
    'Roteiro historico guiado pelo centro expandido com narrativa local.',
    120.0000,
    30.0000,
    12,
    180,
    'SAO_PAULO',
    '{"label":"Praca da Se","lat":-23.55052,"lng":-46.633308}'::JSONB,
    '{"stops":["Se","Pateo do Collegio","Solar da Marquesa"],"mode":"WALK"}'::JSONB,
    TIMESTAMPTZ '2026-04-21 09:00:00+00',
    TIMESTAMPTZ '2026-12-31 18:00:00+00',
    'Seed operacional para smoke check da camada Tourism.',
    TIMESTAMPTZ '2026-04-20 12:30:00+00',
    TIMESTAMPTZ '2026-04-20 12:30:00+00'
)
ON CONFLICT (experience_id) DO UPDATE SET
    wallet_id = EXCLUDED.wallet_id,
    experience_code = EXCLUDED.experience_code,
    experience_status = EXCLUDED.experience_status,
    experience_kind = EXCLUDED.experience_kind,
    title = EXCLUDED.title,
    summary = EXCLUDED.summary,
    base_price_brl = EXCLUDED.base_price_brl,
    deposit_brl = EXCLUDED.deposit_brl,
    capacity_total = EXCLUDED.capacity_total,
    duration_minutes = EXCLUDED.duration_minutes,
    city_code = EXCLUDED.city_code,
    meeting_point_json = EXCLUDED.meeting_point_json,
    route_snapshot_json = EXCLUDED.route_snapshot_json,
    available_from = EXCLUDED.available_from,
    available_until = EXCLUDED.available_until,
    ops_notes = EXCLUDED.ops_notes,
    updated_at = EXCLUDED.updated_at;

INSERT INTO tourism_bookings (
    booking_id,
    experience_id,
    traveler_user_id,
    wallet_id,
    module_code,
    assigned_guide_user_id,
    booking_code,
    booking_status,
    quantity,
    unit_price_brl,
    discount_brl,
    total_brl,
    deposit_brl,
    scheduled_start_at,
    scheduled_end_at,
    guest_manifest_json,
    metadata_json,
    created_at,
    updated_at
)
VALUES (
    '30000000-0000-4000-8000-000000000002',
    '30000000-0000-4000-8000-000000000001',
    '10000000-0000-4000-8000-000000000002',
    '20000000-0000-4000-8000-000000000002',
    'TOURISM',
    '10000000-0000-4000-8000-000000000005',
    'TOURBOOK-000001',
    'CONFIRMED',
    2,
    120.0000,
    20.0000,
    220.0000,
    30.0000,
    TIMESTAMPTZ '2026-04-25 13:00:00+00',
    TIMESTAMPTZ '2026-04-25 16:00:00+00',
    '{"lead_guest":"Clara Exploradora","guests":2}'::JSONB,
    '{"source":"seed","channel":"APP"}'::JSONB,
    TIMESTAMPTZ '2026-04-20 12:35:00+00',
    TIMESTAMPTZ '2026-04-20 12:35:00+00'
)
ON CONFLICT (booking_id) DO UPDATE SET
    experience_id = EXCLUDED.experience_id,
    traveler_user_id = EXCLUDED.traveler_user_id,
    wallet_id = EXCLUDED.wallet_id,
    assigned_guide_user_id = EXCLUDED.assigned_guide_user_id,
    booking_code = EXCLUDED.booking_code,
    booking_status = EXCLUDED.booking_status,
    quantity = EXCLUDED.quantity,
    unit_price_brl = EXCLUDED.unit_price_brl,
    discount_brl = EXCLUDED.discount_brl,
    total_brl = EXCLUDED.total_brl,
    deposit_brl = EXCLUDED.deposit_brl,
    scheduled_start_at = EXCLUDED.scheduled_start_at,
    scheduled_end_at = EXCLUDED.scheduled_end_at,
    guest_manifest_json = EXCLUDED.guest_manifest_json,
    metadata_json = EXCLUDED.metadata_json,
    updated_at = EXCLUDED.updated_at;

INSERT INTO bio_material_programs (
    program_id,
    owner_user_id,
    wallet_id,
    module_code,
    program_code,
    program_status,
    program_name,
    material_stream_code,
    partner_name,
    reward_mode,
    target_reduction_kg,
    co2e_target_kg,
    default_reward_brl,
    default_reward_nex,
    pickup_required,
    verification_policy_json,
    created_at,
    updated_at
)
VALUES (
    '30000000-0000-4000-8000-000000000101',
    '10000000-0000-4000-8000-000000000003',
    '20000000-0000-4000-8000-000000000003',
    'BIO',
    'BIO_PROGRAM_01',
    'ACTIVE',
    'Coleta Circular de Oleo e Plasticos',
    'RECYCLE_OIL_PLASTIC',
    'Cooperativa Circular Zona Sul',
    'BRL_AND_NEX',
    1000.0000,
    800.0000,
    7.0000,
    0.15000000,
    TRUE,
    '{"requires_weight_proof":true,"partner_attestation":"mandatory"}'::JSONB,
    TIMESTAMPTZ '2026-04-20 12:40:00+00',
    TIMESTAMPTZ '2026-04-20 12:40:00+00'
)
ON CONFLICT (program_id) DO UPDATE SET
    wallet_id = EXCLUDED.wallet_id,
    program_code = EXCLUDED.program_code,
    program_status = EXCLUDED.program_status,
    program_name = EXCLUDED.program_name,
    material_stream_code = EXCLUDED.material_stream_code,
    partner_name = EXCLUDED.partner_name,
    reward_mode = EXCLUDED.reward_mode,
    target_reduction_kg = EXCLUDED.target_reduction_kg,
    co2e_target_kg = EXCLUDED.co2e_target_kg,
    default_reward_brl = EXCLUDED.default_reward_brl,
    default_reward_nex = EXCLUDED.default_reward_nex,
    pickup_required = EXCLUDED.pickup_required,
    verification_policy_json = EXCLUDED.verification_policy_json,
    updated_at = EXCLUDED.updated_at;

INSERT INTO bio_collection_orders (
    collection_order_id,
    program_id,
    requester_user_id,
    wallet_id,
    module_code,
    collection_code,
    collection_status,
    material_weight_kg,
    estimated_reward_brl,
    estimated_reward_nex,
    verified_reward_brl,
    verified_reward_nex,
    co2e_avoided_kg,
    pickup_address_json,
    scheduled_pickup_at,
    collected_at,
    verified_at,
    rewarded_at,
    notes,
    metadata_json,
    created_at,
    updated_at
)
VALUES (
    '30000000-0000-4000-8000-000000000102',
    '30000000-0000-4000-8000-000000000101',
    '10000000-0000-4000-8000-000000000002',
    '20000000-0000-4000-8000-000000000002',
    'BIO',
    'BIOCOL-000001',
    'REWARDED',
    18.7500,
    15.0000,
    0.30000000,
    12.5000,
    0.25000000,
    28.4000,
    '{"street":"Rua Circular 42","city":"Sao Paulo","country":"BR"}'::JSONB,
    TIMESTAMPTZ '2026-04-22 10:00:00+00',
    TIMESTAMPTZ '2026-04-22 11:30:00+00',
    TIMESTAMPTZ '2026-04-22 15:00:00+00',
    TIMESTAMPTZ '2026-04-22 15:10:00+00',
    'Seed de coleta reversa validada para smoke check.',
    '{"source":"seed","material_mix":["oil","plastic"]}'::JSONB,
    TIMESTAMPTZ '2026-04-20 12:45:00+00',
    TIMESTAMPTZ '2026-04-20 12:45:00+00'
)
ON CONFLICT (collection_order_id) DO UPDATE SET
    program_id = EXCLUDED.program_id,
    requester_user_id = EXCLUDED.requester_user_id,
    wallet_id = EXCLUDED.wallet_id,
    collection_code = EXCLUDED.collection_code,
    collection_status = EXCLUDED.collection_status,
    material_weight_kg = EXCLUDED.material_weight_kg,
    estimated_reward_brl = EXCLUDED.estimated_reward_brl,
    estimated_reward_nex = EXCLUDED.estimated_reward_nex,
    verified_reward_brl = EXCLUDED.verified_reward_brl,
    verified_reward_nex = EXCLUDED.verified_reward_nex,
    co2e_avoided_kg = EXCLUDED.co2e_avoided_kg,
    pickup_address_json = EXCLUDED.pickup_address_json,
    scheduled_pickup_at = EXCLUDED.scheduled_pickup_at,
    collected_at = EXCLUDED.collected_at,
    verified_at = EXCLUDED.verified_at,
    rewarded_at = EXCLUDED.rewarded_at,
    notes = EXCLUDED.notes,
    metadata_json = EXCLUDED.metadata_json,
    updated_at = EXCLUDED.updated_at;

INSERT INTO energy_assets (
    energy_asset_id,
    owner_user_id,
    wallet_id,
    module_code,
    asset_code,
    asset_status,
    asset_role,
    title,
    meter_device_ref,
    grid_zone_code,
    installed_capacity_kw,
    battery_capacity_kwh,
    last_meter_reading_kwh,
    settlement_mode,
    metadata_json,
    last_certified_at,
    created_at,
    updated_at
)
VALUES
    (
        '30000000-0000-4000-8000-000000000201',
        '10000000-0000-4000-8000-000000000004',
        '20000000-0000-4000-8000-000000000004',
        'ENERGY',
        'ENERGY_ASSET_01',
        'ACTIVE',
        'PROSUMER',
        'Usina Solar Bairro Centro',
        'METER-SEED-ENERGY-01',
        'SP-ZN-01',
        25.0000,
        40.0000,
        1024.5000,
        'P2P_TRADING',
        '{"source":"seed","neighborhood":"Centro"}'::JSONB,
        TIMESTAMPTZ '2026-04-20 12:50:00+00',
        TIMESTAMPTZ '2026-04-20 12:50:00+00',
        TIMESTAMPTZ '2026-04-20 12:50:00+00'
    ),
    (
        '30000000-0000-4000-8000-000000000202',
        '10000000-0000-4000-8000-000000000006',
        '20000000-0000-4000-8000-000000000006',
        'ENERGY',
        'ENERGY_ASSET_02',
        'ACTIVE',
        'CONSUMER',
        'Residencia Marina Smart Home',
        'METER-SEED-ENERGY-02',
        'SP-ZN-01',
        0.0000,
        0.0000,
        512.2500,
        'SMART_HOME_BALANCE',
        '{"source":"seed","neighborhood":"Aclimacao"}'::JSONB,
        TIMESTAMPTZ '2026-04-20 12:50:00+00',
        TIMESTAMPTZ '2026-04-20 12:50:00+00',
        TIMESTAMPTZ '2026-04-20 12:50:00+00'
    )
ON CONFLICT (energy_asset_id) DO UPDATE SET
    wallet_id = EXCLUDED.wallet_id,
    asset_code = EXCLUDED.asset_code,
    asset_status = EXCLUDED.asset_status,
    asset_role = EXCLUDED.asset_role,
    title = EXCLUDED.title,
    meter_device_ref = EXCLUDED.meter_device_ref,
    grid_zone_code = EXCLUDED.grid_zone_code,
    installed_capacity_kw = EXCLUDED.installed_capacity_kw,
    battery_capacity_kwh = EXCLUDED.battery_capacity_kwh,
    last_meter_reading_kwh = EXCLUDED.last_meter_reading_kwh,
    settlement_mode = EXCLUDED.settlement_mode,
    metadata_json = EXCLUDED.metadata_json,
    last_certified_at = EXCLUDED.last_certified_at,
    updated_at = EXCLUDED.updated_at;

INSERT INTO energy_trade_orders (
    trade_order_id,
    source_asset_id,
    initiator_user_id,
    counterparty_user_id,
    wallet_id,
    module_code,
    trade_code,
    trade_side,
    trade_status,
    counterparty_asset_id,
    delivery_start_at,
    delivery_end_at,
    energy_quantity_kwh,
    unit_price_brl,
    gross_amount_brl,
    grid_fee_brl,
    carbon_credit_nex,
    matched_at,
    settled_at,
    metadata_json,
    created_at,
    updated_at
)
VALUES (
    '30000000-0000-4000-8000-000000000203',
    '30000000-0000-4000-8000-000000000201',
    '10000000-0000-4000-8000-000000000004',
    '10000000-0000-4000-8000-000000000006',
    '20000000-0000-4000-8000-000000000004',
    'ENERGY',
    'ENERGY-000001',
    'SELL',
    'SETTLED',
    '30000000-0000-4000-8000-000000000202',
    TIMESTAMPTZ '2026-04-26 12:00:00+00',
    TIMESTAMPTZ '2026-04-26 18:00:00+00',
    120.0000,
    0.9500,
    114.0000,
    6.0000,
    1.50000000,
    TIMESTAMPTZ '2026-04-26 11:00:00+00',
    TIMESTAMPTZ '2026-04-26 19:00:00+00',
    '{"source":"seed","market":"LOCAL_GRID"}'::JSONB,
    TIMESTAMPTZ '2026-04-20 12:55:00+00',
    TIMESTAMPTZ '2026-04-20 12:55:00+00'
)
ON CONFLICT (trade_order_id) DO UPDATE SET
    source_asset_id = EXCLUDED.source_asset_id,
    initiator_user_id = EXCLUDED.initiator_user_id,
    counterparty_user_id = EXCLUDED.counterparty_user_id,
    wallet_id = EXCLUDED.wallet_id,
    trade_code = EXCLUDED.trade_code,
    trade_side = EXCLUDED.trade_side,
    trade_status = EXCLUDED.trade_status,
    counterparty_asset_id = EXCLUDED.counterparty_asset_id,
    delivery_start_at = EXCLUDED.delivery_start_at,
    delivery_end_at = EXCLUDED.delivery_end_at,
    energy_quantity_kwh = EXCLUDED.energy_quantity_kwh,
    unit_price_brl = EXCLUDED.unit_price_brl,
    gross_amount_brl = EXCLUDED.gross_amount_brl,
    grid_fee_brl = EXCLUDED.grid_fee_brl,
    carbon_credit_nex = EXCLUDED.carbon_credit_nex,
    matched_at = EXCLUDED.matched_at,
    settled_at = EXCLUDED.settled_at,
    metadata_json = EXCLUDED.metadata_json,
    updated_at = EXCLUDED.updated_at;

INSERT INTO tourism_booking_events (
    booking_event_id,
    booking_id,
    actor_user_id,
    wallet_id,
    event_type,
    event_amount_brl,
    guest_count,
    details_json,
    notes,
    occurred_at
)
VALUES (
    '30000000-0000-4000-8000-000000000003',
    '30000000-0000-4000-8000-000000000002',
    '10000000-0000-4000-8000-000000000001',
    '20000000-0000-4000-8000-000000000002',
    'CONFIRMED',
    220.0000,
    2,
    '{"source":"seed","status":"confirmed"}'::JSONB,
    'Reserva confirmada para smoke check.',
    TIMESTAMPTZ '2026-04-20 13:00:00+00'
)
ON CONFLICT (booking_event_id) DO NOTHING;

INSERT INTO bio_collection_events (
    collection_event_id,
    collection_order_id,
    actor_user_id,
    wallet_id,
    event_type,
    material_weight_kg,
    co2e_avoided_kg,
    reward_amount_brl,
    reward_amount_nex,
    partner_ref,
    details_json,
    occurred_at
)
VALUES (
    '30000000-0000-4000-8000-000000000103',
    '30000000-0000-4000-8000-000000000102',
    '10000000-0000-4000-8000-000000000003',
    '20000000-0000-4000-8000-000000000002',
    'REWARDED',
    18.7500,
    28.4000,
    12.5000,
    0.25000000,
    'CERT-COOP-001',
    '{"source":"seed","verification":"approved"}'::JSONB,
    TIMESTAMPTZ '2026-04-22 15:10:00+00'
)
ON CONFLICT (collection_event_id) DO NOTHING;

INSERT INTO energy_settlement_ledger (
    settlement_entry_id,
    trade_order_id,
    actor_user_id,
    wallet_id,
    event_type,
    energy_quantity_kwh,
    settlement_amount_brl,
    carbon_credit_nex,
    meter_reading_hash,
    details_json,
    occurred_at
)
VALUES (
    '30000000-0000-4000-8000-000000000204',
    '30000000-0000-4000-8000-000000000203',
    '10000000-0000-4000-8000-000000000004',
    '20000000-0000-4000-8000-000000000004',
    'SETTLED',
    120.0000,
    108.0000,
    1.50000000,
    'aaaaaaaaaaaaaaaaaaaaaaaaaaaaaaaaaaaaaaaaaaaaaaaaaaaaaaaaaaaaaaaa',
    '{"source":"seed","grid_fee_brl":6.0}'::JSONB,
    TIMESTAMPTZ '2026-04-26 19:05:00+00'
)
ON CONFLICT (settlement_entry_id) DO NOTHING;

COMMIT;
